code,code2,name,color,farz,kind,un1,un2,qu2,vis,pr_run1,pr_r2un1,pr_r3un1,pr_run2,pr_r2un2,pr_r3un2,p,p2,p3,company,rem,firstunit,taxprcent,da_expopt,salebycode,qu_max,qu_min,pict,alarm,txtalarm,company2,company3,stor,vaw,prcentw,efectw,vas,prcents,efects,codecomp,nomodel,media,marg,qu_s2,chk,pr_r4un1,pr_r4un2,pr_r5un1,pr_r5un2,pr_r6un1,pr_r6un2,pr_r7un1,pr_r7un2,pr_r8un1,pr_r8un2,pr_r9un1,pr_r9un2,pr_r10un1,pr_r10un2,pr_s,pr_s2,ser,codeun2,storadd,shortcode,d2w,d2s,aimname,evaluepolicy,pr_sa,prminut,engname,place,pr_r2,pr_r3,pr_rforqu_s,Prnparcode,exported
"100010",,"توزيع استيل عادى","لا","لا","عام","كرتونة","قطعه",24.0000,"1",0.0000,0.0000,0.0000,0.0000,0.0000,0.0000,0.0000,0.0000,0.0000,"النور",,"1",0.0000,"0","0",0.0000,0.0000,,"0",,,,"رئيسى",0.0000,"%","-",0.0000,"%","-","0",,,0.0000,0.0000,"1",0.0000,0.0000,0.0000,0.0000,0.0000,0.0000,0.0000,0.0000,0.0000,0.0000,0.0000,0.0000,0.0000,0.0000,0.0000,0.0000,"0",,"رئيسى",,0.0000,0.0000,1,1,0.0000,0,,,0.0000000000000000e+00,0.0000000000000000e+00,0,"1","0"
"100011",,"معلقه ك","لا","لا","عام","دستة",,0.0000,"1",0.0000,0.0000,0.0000,0.0000,0.0000,0.0000,0.0000,0.0000,0.0000,"النور",,"1",0.0000,"0","0",0.0000,0.0000,,"0",,,,"رئيسى",0.0000,"%","-",0.0000,"%","-","0",,,0.0000,0.0000,"1",0.0000,0.0000,0.0000,0.0000,0.0000,0.0000,0.0000,0.0000,0.0000,0.0000,0.0000,0.0000,0.0000,0.0000,0.0000,0.0000,"0",,"رئيسى",,0.0000,0.0000,1,1,0.0000,0,,,0.0000000000000000e+00,0.0000000000000000e+00,0,"1","0"
"100012",,"معلقه ص","لا","لا","عام","دستة",,0.0000,"1",0.0000,0.0000,0.0000,0.0000,0.0000,0.0000,0.0000,0.0000,0.0000,"النور",,"1",0.0000,"0","0",0.0000,0.0000,,"0",,,,"رئيسى",0.0000,"%","-",0.0000,"%","-","0",,,0.0000,0.0000,"1",0.0000,0.0000,0.0000,0.0000,0.0000,0.0000,0.0000,0.0000,0.0000,0.0000,0.0000,0.0000,0.0000,0.0000,0.0000,0.0000,"0",,"رئيسى",,0.0000,0.0000,1,1,0.0000,0,,,0.0000000000000000e+00,0.0000000000000000e+00,0,"1","0"
"100013",,"سكينه برازيلي خشب","لا","لا","عام","علية","قطعه",12.0000,"1",0.0000,0.0000,0.0000,0.0000,0.0000,0.0000,0.0000,0.0000,0.0000,"النور",,"1",0.0000,"0","0",0.0000,0.0000,,"0",,,,"رئيسى",0.0000,"%","-",0.0000,"%","-","0",,,0.0000,0.0000,"1",0.0000,0.0000,0.0000,0.0000,0.0000,0.0000,0.0000,0.0000,0.0000,0.0000,0.0000,0.0000,0.0000,0.0000,0.0000,0.0000,"0",,"رئيسى",,0.0000,0.0000,1,1,0.0000,0,,,0.0000000000000000e+00,0.0000000000000000e+00,0,"1","0"
"100014",,"سكينه 6*1 الوان","لا","لا","عام","علبه",,0.0000,"1",0.0000,0.0000,0.0000,0.0000,0.0000,0.0000,0.0000,0.0000,0.0000,"النور",,"1",0.0000,"0","0",0.0000,0.0000,,"0",,,,"رئيسى",0.0000,"%","-",0.0000,"%","-","0",,,0.0000,0.0000,"1",0.0000,0.0000,0.0000,0.0000,0.0000,0.0000,0.0000,0.0000,0.0000,0.0000,0.0000,0.0000,0.0000,0.0000,0.0000,0.0000,"0",,"رئيسى",,0.0000,0.0000,1,1,0.0000,0,,,0.0000000000000000e+00,0.0000000000000000e+00,0,"1","0"
"100015",,"توزيع سيلكون عادى","لا","لا","عام","كرتونة","طقم",24.0000,"1",0.0000,0.0000,0.0000,0.0000,0.0000,0.0000,0.0000,0.0000,0.0000,"النور",,"1",0.0000,"0","0",0.0000,0.0000,,"0",,,,"رئيسى",0.0000,"%","-",0.0000,"%","-","0",,,0.0000,0.0000,"1",0.0000,0.0000,0.0000,0.0000,0.0000,0.0000,0.0000,0.0000,0.0000,0.0000,0.0000,0.0000,0.0000,0.0000,0.0000,0.0000,"0",,"رئيسى",,0.0000,0.0000,1,1,0.0000,0,,,0.0000000000000000e+00,0.0000000000000000e+00,0,"1","0"
"100016",,"كرت سكينه 5*1","لا","لا","عام","كرتونة","علبه",10.0000,"1",0.0000,0.0000,0.0000,0.0000,0.0000,0.0000,0.0000,0.0000,0.0000,"النور",,"1",0.0000,"0","0",0.0000,0.0000,,"0",,,,"رئيسى",0.0000,"%","-",0.0000,"%","-","0",,,0.0000,0.0000,"1",0.0000,0.0000,0.0000,0.0000,0.0000,0.0000,0.0000,0.0000,0.0000,0.0000,0.0000,0.0000,0.0000,0.0000,0.0000,0.0000,"0",,"رئيسى",,0.0000,0.0000,1,1,0.0000,0,,,0.0000000000000000e+00,0.0000000000000000e+00,0,"1","0"
"100017",,"مبشره اصلى","لا","لا","عام","دستة","قطعه",12.0000,"1",0.0000,0.0000,0.0000,0.0000,0.0000,0.0000,0.0000,0.0000,0.0000,"النور",,"1",0.0000,"0","0",0.0000,0.0000,,"0",,,,"رئيسى",0.0000,"%","-",0.0000,"%","-","0",,,0.0000,0.0000,"1",0.0000,0.0000,0.0000,0.0000,0.0000,0.0000,0.0000,0.0000,0.0000,0.0000,0.0000,0.0000,0.0000,0.0000,0.0000,0.0000,"0",,"رئيسى",,0.0000,0.0000,1,1,0.0000,0,,,0.0000000000000000e+00,0.0000000000000000e+00,0,"1","0"
"100018",,"توزيع سيلكون فردى صب","لا","لا","عام","دستة","قطعه",12.0000,"1",0.0000,0.0000,0.0000,0.0000,0.0000,0.0000,0.0000,0.0000,0.0000,"النور",,"1",0.0000,"0","0",0.0000,0.0000,,"0",,,,"رئيسى",0.0000,"%","-",0.0000,"%","-","0",,,0.0000,0.0000,"1",0.0000,0.0000,0.0000,0.0000,0.0000,0.0000,0.0000,0.0000,0.0000,0.0000,0.0000,0.0000,0.0000,0.0000,0.0000,0.0000,"0",,"رئيسى",,0.0000,0.0000,1,1,0.0000,0,,,0.0000000000000000e+00,0.0000000000000000e+00,0,"1","0"
"100019",,"مقص مفك","لا","لا","عام","دستة","قطعه",12.0000,"1",0.0000,0.0000,0.0000,0.0000,0.0000,0.0000,0.0000,0.0000,0.0000,"النور",,"1",0.0000,"0","0",0.0000,0.0000,,"0",,,,"رئيسى",0.0000,"%","-",0.0000,"%","-","0",,,0.0000,0.0000,"1",0.0000,0.0000,0.0000,0.0000,0.0000,0.0000,0.0000,0.0000,0.0000,0.0000,0.0000,0.0000,0.0000,0.0000,0.0000,0.0000,"0",,"رئيسى",,0.0000,0.0000,1,1,0.0000,0,,,0.0000000000000000e+00,0.0000000000000000e+00,0,"1","0"
"100020",,"هراسه توم استنلس","لا","لا","عام","قطعة",,0.0000,"1",0.0000,0.0000,0.0000,0.0000,0.0000,0.0000,0.0000,0.0000,0.0000,"النور",,"1",0.0000,"0","0",0.0000,0.0000,,"0",,,,"رئيسى",0.0000,"%","-",0.0000,"%","-","0",,,0.0000,0.0000,"1",0.0000,0.0000,0.0000,0.0000,0.0000,0.0000,0.0000,0.0000,0.0000,0.0000,0.0000,0.0000,0.0000,0.0000,0.0000,0.0000,"0",,"رئيسى",,0.0000,0.0000,1,1,0.0000,0,,,0.0000000000000000e+00,0.0000000000000000e+00,0,"1","0"
"100021",,"هراسه توم مقبض","لا","لا","عام","دستة","قطعه",12.0000,"1",0.0000,0.0000,0.0000,0.0000,0.0000,0.0000,0.0000,0.0000,0.0000,"النور",,"1",0.0000,"0","0",0.0000,0.0000,,"0",,,,"رئيسى",0.0000,"%","-",0.0000,"%","-","0",,,0.0000,0.0000,"1",0.0000,0.0000,0.0000,0.0000,0.0000,0.0000,0.0000,0.0000,0.0000,0.0000,0.0000,0.0000,0.0000,0.0000,0.0000,0.0000,"0",,"رئيسى",,0.0000,0.0000,1,1,0.0000,0,,,0.0000000000000000e+00,0.0000000000000000e+00,0,"1","0"
"100022",,"عصارة لمون","لا","لا","عام","دستة","قطعه",12.0000,"1",0.0000,0.0000,0.0000,0.0000,0.0000,0.0000,0.0000,0.0000,0.0000,"النور",,"1",0.0000,"0","0",0.0000,0.0000,,"0",,"العربي",,"رئيسى",0.0000,"%","-",0.0000,"%","-","0",,,0.0000,0.0000,"1",0.0000,0.0000,0.0000,0.0000,0.0000,0.0000,0.0000,0.0000,0.0000,0.0000,0.0000,0.0000,0.0000,0.0000,0.0000,0.0000,"0",,"رئيسى",,0.0000,0.0000,1,1,0.0000,0,,,0.0000000000000000e+00,0.0000000000000000e+00,0,"1","0"
"100023",,"عجانه استيل الوان","لا","لا","عام","قطعة",,0.0000,"1",0.0000,0.0000,0.0000,0.0000,0.0000,0.0000,0.0000,0.0000,0.0000,"ماهر عرام",,"1",0.0000,"0","0",0.0000,0.0000,,"0",,,,"رئيسى",0.0000,"%","-",0.0000,"%","-","0",,,0.0000,0.0000,"1",0.0000,0.0000,0.0000,0.0000,0.0000,0.0000,0.0000,0.0000,0.0000,0.0000,0.0000,0.0000,0.0000,0.0000,0.0000,0.0000,"0",,"رئيسى",,0.0000,0.0000,1,1,0.0000,0,,,0.0000000000000000e+00,0.0000000000000000e+00,0,"1","0"
"100024",,"صنية استيل عشاء مقاس 50","لا","لا","عام","قطعة",,0.0000,"1",0.0000,0.0000,0.0000,0.0000,0.0000,0.0000,0.0000,0.0000,0.0000,"ماهر عرام",,"1",0.0000,"0","0",0.0000,0.0000,,"0",,,,"رئيسى",0.0000,"%","-",0.0000,"%","-","0",,,0.0000,0.0000,"1",0.0000,0.0000,0.0000,0.0000,0.0000,0.0000,0.0000,0.0000,0.0000,0.0000,0.0000,0.0000,0.0000,0.0000,0.0000,0.0000,"0",,"رئيسى",,0.0000,0.0000,1,1,0.0000,0,,,0.0000000000000000e+00,0.0000000000000000e+00,0,"1","0"
"100025",,"صنية تقديم ميلامين م2","لا","لا","عام","قطعة",,0.0000,"1",0.0000,0.0000,0.0000,0.0000,0.0000,0.0000,0.0000,0.0000,0.0000,"ماهر عرام",,"1",0.0000,"0","0",0.0000,0.0000,,"0",,,,"رئيسى",0.0000,"%","-",0.0000,"%","-","0",,,0.0000,0.0000,"1",0.0000,0.0000,0.0000,0.0000,0.0000,0.0000,0.0000,0.0000,0.0000,0.0000,0.0000,0.0000,0.0000,0.0000,0.0000,0.0000,"0",,"رئيسى",,0.0000,0.0000,1,1,0.0000,0,,,0.0000000000000000e+00,0.0000000000000000e+00,0,"1","0"
"100026",,"صنية تقديم ميلامين م 1","لا","لا","عام","قطعة",,0.0000,"1",0.0000,0.0000,0.0000,0.0000,0.0000,0.0000,0.0000,0.0000,0.0000,"ماهر عرام",,"1",0.0000,"0","0",0.0000,0.0000,,"0",,,,"رئيسى",0.0000,"%","-",0.0000,"%","-","0",,,0.0000,0.0000,"1",0.0000,0.0000,0.0000,0.0000,0.0000,0.0000,0.0000,0.0000,0.0000,0.0000,0.0000,0.0000,0.0000,0.0000,0.0000,0.0000,"0",,"رئيسى",,0.0000,0.0000,1,1,0.0000,0,,,0.0000000000000000e+00,0.0000000000000000e+00,0,"1","0"
"100027",,"صنية هندي 2","لا","لا","عام","قطعة",,0.0000,"1",0.0000,0.0000,0.0000,0.0000,0.0000,0.0000,0.0000,0.0000,0.0000,"ماهر عرام",,"1",0.0000,"0","0",0.0000,0.0000,,"0",,,,"رئيسى",0.0000,"%","-",0.0000,"%","-","0",,,0.0000,0.0000,"1",0.0000,0.0000,0.0000,0.0000,0.0000,0.0000,0.0000,0.0000,0.0000,0.0000,0.0000,0.0000,0.0000,0.0000,0.0000,0.0000,"0",,"رئيسى",,0.0000,0.0000,1,1,0.0000,0,,,0.0000000000000000e+00,0.0000000000000000e+00,0,"1","0"
"100028",,"مج شوربة مستورد 6 ق","لا","لا","عام","قطعة",,0.0000,"1",0.0000,0.0000,0.0000,0.0000,0.0000,0.0000,0.0000,0.0000,0.0000,"ماهر عرام",,"1",0.0000,"0","0",0.0000,0.0000,,"0",,,,"رئيسى",0.0000,"%","-",0.0000,"%","-","0",,,0.0000,0.0000,"1",0.0000,0.0000,0.0000,0.0000,0.0000,0.0000,0.0000,0.0000,0.0000,0.0000,0.0000,0.0000,0.0000,0.0000,0.0000,0.0000,"0",,"رئيسى",,0.0000,0.0000,1,1,0.0000,0,,,0.0000000000000000e+00,0.0000000000000000e+00,0,"1","0"
"100029",,"كذالك يد خشب ص","لا","لا","عام","علبه","قطعه",24.0000,"1",0.0000,0.0000,0.0000,0.0000,0.0000,0.0000,0.0000,0.0000,0.0000,"ماهر عرام",,"1",0.0000,"0","0",0.0000,0.0000,,"0",,,,"رئيسى",0.0000,"%","-",0.0000,"%","-","0",,,0.0000,0.0000,"1",0.0000,0.0000,0.0000,0.0000,0.0000,0.0000,0.0000,0.0000,0.0000,0.0000,0.0000,0.0000,0.0000,0.0000,0.0000,0.0000,"0",,"رئيسى",,0.0000,0.0000,1,1,0.0000,0,,,0.0000000000000000e+00,0.0000000000000000e+00,0,"1","0"
"100030",,"كذالك يد خشب ك","لا","لا","عام","علبه","قطعه",24.0000,"1",0.0000,0.0000,0.0000,0.0000,0.0000,0.0000,0.0000,0.0000,0.0000,"ماهر عرام",,"1",0.0000,"0","0",0.0000,0.0000,,"0",,,,"رئيسى",0.0000,"%","-",0.0000,"%","-","0",,,0.0000,0.0000,"1",0.0000,0.0000,0.0000,0.0000,0.0000,0.0000,0.0000,0.0000,0.0000,0.0000,0.0000,0.0000,0.0000,0.0000,0.0000,0.0000,"0",,"رئيسى",,0.0000,0.0000,1,1,0.0000,0,,,0.0000000000000000e+00,0.0000000000000000e+00,0,"1","0"
"100031",,"ثلاجة استيل بيد سيلكون","لا","لا","عام","قطعة",,0.0000,"1",0.0000,0.0000,0.0000,0.0000,0.0000,0.0000,0.0000,0.0000,0.0000,"ماهر عرام",,"1",0.0000,"0","0",0.0000,0.0000,,"0",,,,"رئيسى",0.0000,"%","-",0.0000,"%","-","0",,,0.0000,0.0000,"1",0.0000,0.0000,0.0000,0.0000,0.0000,0.0000,0.0000,0.0000,0.0000,0.0000,0.0000,0.0000,0.0000,0.0000,0.0000,0.0000,"0",,"رئيسى",,0.0000,0.0000,1,1,0.0000,0,,,0.0000000000000000e+00,0.0000000000000000e+00,0,"1","0"
"100032",,"توابل 12 ق الكباس لوكس","لا","لا","عام","قطعة",,0.0000,"1",0.0000,0.0000,0.0000,0.0000,0.0000,0.0000,0.0000,0.0000,0.0000,"ماهر عرام",,"1",0.0000,"0","0",0.0000,0.0000,,"0",,,,"رئيسى",0.0000,"%","-",0.0000,"%","-","0",,,0.0000,0.0000,"1",0.0000,0.0000,0.0000,0.0000,0.0000,0.0000,0.0000,0.0000,0.0000,0.0000,0.0000,0.0000,0.0000,0.0000,0.0000,0.0000,"0",,"رئيسى",,0.0000,0.0000,1,1,0.0000,0,,,0.0000000000000000e+00,0.0000000000000000e+00,0,"1","0"
"100033",,"غلاية الاسباني الوان","لا","لا","عام","كرتونة","قطعه",8.0000,"1",0.0000,0.0000,0.0000,0.0000,0.0000,0.0000,0.0000,0.0000,0.0000,"ماهر عرام",,"1",0.0000,"0","0",0.0000,0.0000,,"0",,,,"رئيسى",0.0000,"%","-",0.0000,"%","-","0",,,0.0000,0.0000,"1",0.0000,0.0000,0.0000,0.0000,0.0000,0.0000,0.0000,0.0000,0.0000,0.0000,0.0000,0.0000,0.0000,0.0000,0.0000,0.0000,"0",,"رئيسى",,0.0000,0.0000,1,1,0.0000,0,,,0.0000000000000000e+00,0.0000000000000000e+00,0,"1","0"
"100034",,"صنية نحاسي","لا","لا","عام","قطعة",,0.0000,"1",0.0000,0.0000,0.0000,0.0000,0.0000,0.0000,0.0000,0.0000,0.0000,"م الخولي",,"1",0.0000,"0","0",0.0000,0.0000,,"0",,,,"رئيسى",0.0000,"%","-",0.0000,"%","-","0",,,0.0000,0.0000,"1",0.0000,0.0000,0.0000,0.0000,0.0000,0.0000,0.0000,0.0000,0.0000,0.0000,0.0000,0.0000,0.0000,0.0000,0.0000,0.0000,"0",,"رئيسى",,0.0000,0.0000,1,1,0.0000,0,,,0.0000000000000000e+00,0.0000000000000000e+00,0,"1","0"
"100035",,"توزيع سيلكون الاندلس","لا","لا","عام","كرتونة","قطعه",6.0000,"1",0.0000,0.0000,0.0000,0.0000,0.0000,0.0000,0.0000,0.0000,0.0000,"م الخولي",,"1",0.0000,"0","0",0.0000,0.0000,,"0",,,,"رئيسى",0.0000,"%","-",0.0000,"%","-","0",,,0.0000,0.0000,"1",0.0000,0.0000,0.0000,0.0000,0.0000,0.0000,0.0000,0.0000,0.0000,0.0000,0.0000,0.0000,0.0000,0.0000,0.0000,0.0000,"0",,"رئيسى",,0.0000,0.0000,1,1,0.0000,0,,,0.0000000000000000e+00,0.0000000000000000e+00,0,"1","0"
"100036",,"كارت سكينة جرانيت","لا","لا","عام","كرتونة","قطعه",10.0000,"1",0.0000,0.0000,0.0000,0.0000,0.0000,0.0000,0.0000,0.0000,0.0000,"العربي",,"1",0.0000,"0","0",0.0000,0.0000,,"0",,,,"رئيسى",0.0000,"%","-",0.0000,"%","-","0",,,0.0000,0.0000,"1",0.0000,0.0000,0.0000,0.0000,0.0000,0.0000,0.0000,0.0000,0.0000,0.0000,0.0000,0.0000,0.0000,0.0000,0.0000,0.0000,"0",,"رئيسى",,0.0000,0.0000,1,1,0.0000,0,,,0.0000000000000000e+00,0.0000000000000000e+00,0,"1","0"
"100037",,"عجانة استيل الوان ك","لا","لا","عام","قطعة",,0.0000,"1",0.0000,0.0000,0.0000,0.0000,0.0000,0.0000,0.0000,0.0000,0.0000,"العربي",,"1",0.0000,"0","0",0.0000,0.0000,,"0",,,,"رئيسى",0.0000,"%","-",0.0000,"%","-","0",,,0.0000,0.0000,"1",0.0000,0.0000,0.0000,0.0000,0.0000,0.0000,0.0000,0.0000,0.0000,0.0000,0.0000,0.0000,0.0000,0.0000,0.0000,0.0000,"0",,"رئيسى",,0.0000,0.0000,1,1,0.0000,0,,,0.0000000000000000e+00,0.0000000000000000e+00,0,"1","0"
"100038",,"عجانة استيل الوان ص","لا","لا","عام","قطعة",,0.0000,"1",0.0000,0.0000,0.0000,0.0000,0.0000,0.0000,0.0000,0.0000,0.0000,"العربي",,"1",0.0000,"0","0",0.0000,0.0000,,"0",,,,"رئيسى",0.0000,"%","-",0.0000,"%","-","0",,,0.0000,0.0000,"1",0.0000,0.0000,0.0000,0.0000,0.0000,0.0000,0.0000,0.0000,0.0000,0.0000,0.0000,0.0000,0.0000,0.0000,0.0000,0.0000,"0",,"رئيسى",,0.0000,0.0000,1,1,0.0000,0,,,0.0000000000000000e+00,0.0000000000000000e+00,0,"1","0"
"100039",,"عجانة + مصفى","لا","لا","عام","علبه",,0.0000,"1",0.0000,0.0000,0.0000,0.0000,0.0000,0.0000,0.0000,0.0000,0.0000,"العربي",,"1",0.0000,"0","0",0.0000,0.0000,,"0",,,,"رئيسى",0.0000,"%","-",0.0000,"%","-","0",,,0.0000,0.0000,"1",0.0000,0.0000,0.0000,0.0000,0.0000,0.0000,0.0000,0.0000,0.0000,0.0000,0.0000,0.0000,0.0000,0.0000,0.0000,0.0000,"0",,"رئيسى",,0.0000,0.0000,1,1,0.0000,0,,,0.0000000000000000e+00,0.0000000000000000e+00,0,"1","0"
"100040",,"مضرب بيض","لا","لا","عام","دستة","قطعه",12.0000,"1",0.0000,0.0000,0.0000,0.0000,0.0000,0.0000,0.0000,0.0000,0.0000,"العربي",,"1",0.0000,"0","0",0.0000,0.0000,,"0",,,,"رئيسى",0.0000,"%","-",0.0000,"%","-","0",,,0.0000,0.0000,"1",0.0000,0.0000,0.0000,0.0000,0.0000,0.0000,0.0000,0.0000,0.0000,0.0000,0.0000,0.0000,0.0000,0.0000,0.0000,0.0000,"0",,"رئيسى",,0.0000,0.0000,1,1,0.0000,0,,,0.0000000000000000e+00,0.0000000000000000e+00,0,"1","0"
"100041",,"مضرب نسكافية","لا","لا","عام","دستة","قطعه",12.0000,"1",0.0000,0.0000,0.0000,0.0000,0.0000,0.0000,0.0000,0.0000,0.0000,"العربي",,"2",0.0000,"0","0",0.0000,0.0000,,"0",,,,"رئيسى",0.0000,"%","-",0.0000,"%","-","0",,,0.0000,0.0000,"1",0.0000,0.0000,0.0000,0.0000,0.0000,0.0000,0.0000,0.0000,0.0000,0.0000,0.0000,0.0000,0.0000,0.0000,0.0000,0.0000,"0",,"رئيسى",,0.0000,0.0000,1,1,0.0000,0,,,0.0000000000000000e+00,0.0000000000000000e+00,0,"1","0"
"100042",,"كارت سكينة سيلفر","لا","لا","عام","قطعة",,0.0000,"1",0.0000,0.0000,0.0000,0.0000,0.0000,0.0000,0.0000,0.0000,0.0000,"العربي",,"1",0.0000,"0","0",0.0000,0.0000,,"0",,,,"رئيسى",0.0000,"%","-",0.0000,"%","-","0",,,0.0000,0.0000,"1",0.0000,0.0000,0.0000,0.0000,0.0000,0.0000,0.0000,0.0000,0.0000,0.0000,0.0000,0.0000,0.0000,0.0000,0.0000,0.0000,"0",,"رئيسى",,0.0000,0.0000,1,1,0.0000,0,,,0.0000000000000000e+00,0.0000000000000000e+00,0,"1","0"
"100043",,"عجانة سيلفر","لا","لا","عام","قطعة",,0.0000,"1",0.0000,0.0000,0.0000,0.0000,0.0000,0.0000,0.0000,0.0000,0.0000,"العربي",,"1",0.0000,"0","0",0.0000,0.0000,,"0",,,,"رئيسى",0.0000,"%","-",0.0000,"%","-","0",,,0.0000,0.0000,"1",0.0000,0.0000,0.0000,0.0000,0.0000,0.0000,0.0000,0.0000,0.0000,0.0000,0.0000,0.0000,0.0000,0.0000,0.0000,0.0000,"0",,"رئيسى",,0.0000,0.0000,1,1,0.0000,0,,,0.0000000000000000e+00,0.0000000000000000e+00,0,"1","0"
"100044",,"كنك جرانيت","لا","لا","عام","كرتونة","قطعه",8.0000,"1",0.0000,0.0000,0.0000,0.0000,0.0000,0.0000,0.0000,0.0000,0.0000,"الكباس",,"1",0.0000,"0","0",0.0000,0.0000,,"0",,,,"رئيسى",0.0000,"%","-",0.0000,"%","-","0",,,0.0000,0.0000,"1",0.0000,0.0000,0.0000,0.0000,0.0000,0.0000,0.0000,0.0000,0.0000,0.0000,0.0000,0.0000,0.0000,0.0000,0.0000,0.0000,"0",,"رئيسى",,0.0000,0.0000,1,1,0.0000,0,,,0.0000000000000000e+00,0.0000000000000000e+00,0,"1","0"
"100045",,"غلاية الاسبانية","لا","لا","عام","كرتونة","قطعه",8.0000,"1",0.0000,0.0000,0.0000,0.0000,0.0000,0.0000,0.0000,0.0000,0.0000,"الكباس",,"1",0.0000,"0","0",0.0000,0.0000,,"0",,,,"رئيسى",0.0000,"%","-",0.0000,"%","-","0",,,0.0000,0.0000,"1",0.0000,0.0000,0.0000,0.0000,0.0000,0.0000,0.0000,0.0000,0.0000,0.0000,0.0000,0.0000,0.0000,0.0000,0.0000,0.0000,"0",,"رئيسى",,0.0000,0.0000,1,1,0.0000,0,,,0.0000000000000000e+00,0.0000000000000000e+00,0,"1","0"
"100046",,"طقم كنك استيل الرحمة","لا","لا","عام","كرتونة","قطعه",8.0000,"1",0.0000,0.0000,0.0000,0.0000,0.0000,0.0000,0.0000,0.0000,0.0000,"الرحمة",,"1",0.0000,"0","0",0.0000,0.0000,,"0",,,,"رئيسى",0.0000,"%","-",0.0000,"%","-","0",,,0.0000,0.0000,"1",0.0000,0.0000,0.0000,0.0000,0.0000,0.0000,0.0000,0.0000,0.0000,0.0000,0.0000,0.0000,0.0000,0.0000,0.0000,0.0000,"0",,"رئيسى",,0.0000,0.0000,1,1,0.0000,0,,,0.0000000000000000e+00,0.0000000000000000e+00,0,"1","0"
"100047",,"مج ديجتال الون","لا","لا","عام","كرتونة","قطعه",50.0000,"1",0.0000,0.0000,0.0000,0.0000,0.0000,0.0000,0.0000,0.0000,0.0000,"الاندلس ابو النمرس",,"1",0.0000,"0","0",0.0000,0.0000,,"0",,,,"رئيسى",0.0000,"%","-",0.0000,"%","-","0",,,0.0000,0.0000,"1",0.0000,0.0000,0.0000,0.0000,0.0000,0.0000,0.0000,0.0000,0.0000,0.0000,0.0000,0.0000,0.0000,0.0000,0.0000,0.0000,"0",,"رئيسى",,0.0000,0.0000,1,1,0.0000,0,,,0.0000000000000000e+00,0.0000000000000000e+00,0,"1","0"
"100048",,"مج ديجتال ساده","لا","لا","عام","كرتونة","قطعه",50.0000,"1",0.0000,0.0000,0.0000,0.0000,0.0000,0.0000,0.0000,0.0000,0.0000,"الاندلس ابو النمرس",,"1",0.0000,"0","0",0.0000,0.0000,,"0",,"النور",,"رئيسى",0.0000,"%","-",0.0000,"%","-","0",,,0.0000,0.0000,"1",0.0000,0.0000,0.0000,0.0000,0.0000,0.0000,0.0000,0.0000,0.0000,0.0000,0.0000,0.0000,0.0000,0.0000,0.0000,0.0000,"0",,"رئيسى",,0.0000,0.0000,1,1,0.0000,0,,,0.0000000000000000e+00,0.0000000000000000e+00,0,"1","0"
"100049",,"ماسك استيل وسط","لا","لا","عام","دستة","قطعه",12.0000,"1",0.0000,0.0000,0.0000,0.0000,0.0000,0.0000,0.0000,0.0000,0.0000,"الاندلس ابو النمرس",,"1",0.0000,"0","0",0.0000,0.0000,,"0",,,,"رئيسى",0.0000,"%","-",0.0000,"%","-","0",,,0.0000,0.0000,"1",0.0000,0.0000,0.0000,0.0000,0.0000,0.0000,0.0000,0.0000,0.0000,0.0000,0.0000,0.0000,0.0000,0.0000,0.0000,0.0000,"0",,"رئيسى",,0.0000,0.0000,1,1,0.0000,0,,,0.0000000000000000e+00,0.0000000000000000e+00,0,"1","0"
"100050",,"ماسك استيل كبير","لا","لا","عام","دستة","قطعه",12.0000,"1",0.0000,0.0000,0.0000,0.0000,0.0000,0.0000,0.0000,0.0000,0.0000,"الاندلس ابو النمرس",,"1",0.0000,"0","0",0.0000,0.0000,,"0",,,,"رئيسى",0.0000,"%","-",0.0000,"%","-","0",,,0.0000,0.0000,"1",0.0000,0.0000,0.0000,0.0000,0.0000,0.0000,0.0000,0.0000,0.0000,0.0000,0.0000,0.0000,0.0000,0.0000,0.0000,0.0000,"0",,"رئيسى",,0.0000,0.0000,1,1,0.0000,0,,,0.0000000000000000e+00,0.0000000000000000e+00,0,"1","0"
"100051",,"سكينة فراولة ص","لا","لا","عام","علبه","قطعه",12.0000,"1",0.0000,0.0000,0.0000,0.0000,0.0000,0.0000,0.0000,0.0000,0.0000,"الاندلس ابو النمرس",,"1",0.0000,"0","0",0.0000,0.0000,,"0",,,,"رئيسى",0.0000,"%","-",0.0000,"%","-","0",,,0.0000,0.0000,"1",0.0000,0.0000,0.0000,0.0000,0.0000,0.0000,0.0000,0.0000,0.0000,0.0000,0.0000,0.0000,0.0000,0.0000,0.0000,0.0000,"0",,"رئيسى",,0.0000,0.0000,1,1,0.0000,0,,,0.0000000000000000e+00,0.0000000000000000e+00,0,"1","0"
"100052",,"سكينة فراولة ك","لا","لا","عام","علبه","قطعه",12.0000,"1",0.0000,0.0000,0.0000,0.0000,0.0000,0.0000,0.0000,0.0000,0.0000,"الاندلس ابو النمرس",,"1",0.0000,"0","0",0.0000,0.0000,,"0",,,,"رئيسى",0.0000,"%","-",0.0000,"%","-","0",,,0.0000,0.0000,"1",0.0000,0.0000,0.0000,0.0000,0.0000,0.0000,0.0000,0.0000,0.0000,0.0000,0.0000,0.0000,0.0000,0.0000,0.0000,0.0000,"0",,"رئيسى",,0.0000,0.0000,1,1,0.0000,0,,,0.0000000000000000e+00,0.0000000000000000e+00,0,"1","0"
"100053",,"ماسك سيلكون ك","لا","لا","عام","دستة","قطعه",12.0000,"1",0.0000,0.0000,0.0000,0.0000,0.0000,0.0000,0.0000,0.0000,0.0000,"الاندلس ابو النمرس",,"1",0.0000,"0","0",0.0000,0.0000,,"0",,,,"رئيسى",0.0000,"%","-",0.0000,"%","-","0",,,0.0000,0.0000,"1",0.0000,0.0000,0.0000,0.0000,0.0000,0.0000,0.0000,0.0000,0.0000,0.0000,0.0000,0.0000,0.0000,0.0000,0.0000,0.0000,"0",,"رئيسى",,0.0000,0.0000,1,1,0.0000,0,,,0.0000000000000000e+00,0.0000000000000000e+00,0,"1","0"
"100054",,"كارت سكينة كذلك ك","لا","لا","عام","قطعة",,0.0000,"1",0.0000,0.0000,0.0000,0.0000,0.0000,0.0000,0.0000,0.0000,0.0000,"الاندلس ابو النمرس",,"1",0.0000,"0","0",0.0000,0.0000,,"0",,,,"رئيسى",0.0000,"%","-",0.0000,"%","-","0",,,0.0000,0.0000,"1",0.0000,0.0000,0.0000,0.0000,0.0000,0.0000,0.0000,0.0000,0.0000,0.0000,0.0000,0.0000,0.0000,0.0000,0.0000,0.0000,"0",,"رئيسى",,0.0000,0.0000,1,1,0.0000,0,,,0.0000000000000000e+00,0.0000000000000000e+00,0,"1","0"
"100055",,"كارت سكينة كذلك ص","لا","لا","عام","قطعة",,0.0000,"1",0.0000,0.0000,0.0000,0.0000,0.0000,0.0000,0.0000,0.0000,0.0000,"الاندلس ابو النمرس",,"1",0.0000,"0","0",0.0000,0.0000,,"0",,,,"رئيسى",0.0000,"%","-",0.0000,"%","-","0",,,0.0000,0.0000,"1",0.0000,0.0000,0.0000,0.0000,0.0000,0.0000,0.0000,0.0000,0.0000,0.0000,0.0000,0.0000,0.0000,0.0000,0.0000,0.0000,"0",,"رئيسى",,0.0000,0.0000,1,1,0.0000,0,,,0.0000000000000000e+00,0.0000000000000000e+00,0,"1","0"
"100057",,"شنطة ملاعق بفاري 84 ق","لا","لا","عام","قطعة",,0.0000,"1",0.0000,0.0000,0.0000,0.0000,0.0000,0.0000,0.0000,0.0000,0.0000,"الحداد",,"1",0.0000,"0","0",0.0000,0.0000,,"0",,,,"رئيسى",0.0000,"%","-",0.0000,"%","-","0",,,0.0000,0.0000,"1",0.0000,0.0000,0.0000,0.0000,0.0000,0.0000,0.0000,0.0000,0.0000,0.0000,0.0000,0.0000,0.0000,0.0000,0.0000,0.0000,"0",,"رئيسى",,0.0000,0.0000,1,1,0.0000,0,,,0.0000000000000000e+00,0.0000000000000000e+00,0,"1","0"
"100058",,"مج شوربة جرانيت","لا","لا","عام","قطعة",,0.0000,"1",0.0000,0.0000,0.0000,0.0000,0.0000,0.0000,0.0000,0.0000,0.0000,"الحداد",,"1",0.0000,"0","0",0.0000,0.0000,,"0",,,,"رئيسى",0.0000,"%","-",0.0000,"%","-","0",,,0.0000,0.0000,"1",0.0000,0.0000,0.0000,0.0000,0.0000,0.0000,0.0000,0.0000,0.0000,0.0000,0.0000,0.0000,0.0000,0.0000,0.0000,0.0000,"0",,"رئيسى",,0.0000,0.0000,1,1,0.0000,0,,,0.0000000000000000e+00,0.0000000000000000e+00,0,"1","0"
"100066",,"توزيع استيل الحداد عادى","لا","لا","عام","طقم",,0.0000,"1",0.0000,0.0000,0.0000,0.0000,0.0000,0.0000,0.0000,0.0000,0.0000,"الحداد",,"1",0.0000,"0","0",0.0000,0.0000,,"0",,,,"رئيسى",0.0000,"%","-",0.0000,"%","-","0",,,0.0000,0.0000,"1",0.0000,0.0000,0.0000,0.0000,0.0000,0.0000,0.0000,0.0000,0.0000,0.0000,0.0000,0.0000,0.0000,0.0000,0.0000,0.0000,"0",,"رئيسى",,0.0000,0.0000,1,1,0.0000,0,,,0.0000000000000000e+00,0.0000000000000000e+00,0,"1","0"
"100059",,"بورسر طقم عشاء فوليا 30 ق ديجتال","لا","لا","عام","كرتونة",,0.0000,"1",0.0000,0.0000,0.0000,0.0000,0.0000,0.0000,0.0000,0.0000,0.0000,"الحداد",,"1",0.0000,"0","0",0.0000,0.0000,,"0",,,,"رئيسى",0.0000,"%","-",0.0000,"%","-","0",,,0.0000,0.0000,"1",0.0000,0.0000,0.0000,0.0000,0.0000,0.0000,0.0000,0.0000,0.0000,0.0000,0.0000,0.0000,0.0000,0.0000,0.0000,0.0000,"0",,"رئيسى",,0.0000,0.0000,1,1,0.0000,0,,,0.0000000000000000e+00,0.0000000000000000e+00,0,"1","0"
"100060",,"بابيلا طقم كنك جرانيت الحداد","لا","لا","عام","طقم",,0.0000,"1",0.0000,0.0000,0.0000,0.0000,0.0000,0.0000,0.0000,0.0000,0.0000,"الحداد",,"1",0.0000,"0","0",0.0000,0.0000,,"0",,,,"رئيسى",0.0000,"%","-",0.0000,"%","-","0",,,0.0000,0.0000,"1",0.0000,0.0000,0.0000,0.0000,0.0000,0.0000,0.0000,0.0000,0.0000,0.0000,0.0000,0.0000,0.0000,0.0000,0.0000,0.0000,"0",,"رئيسى",,0.0000,0.0000,1,1,0.0000,0,,,0.0000000000000000e+00,0.0000000000000000e+00,0,"1","0"
"100061",,"بابيلا حله تحمير جرانيت 24","لا","لا","عام","قطعة",,0.0000,"1",0.0000,0.0000,0.0000,0.0000,0.0000,0.0000,0.0000,0.0000,0.0000,"الحداد",,"1",0.0000,"0","0",0.0000,0.0000,,"0",,,,"رئيسى",0.0000,"%","-",0.0000,"%","-","0",,,0.0000,0.0000,"1",0.0000,0.0000,0.0000,0.0000,0.0000,0.0000,0.0000,0.0000,0.0000,0.0000,0.0000,0.0000,0.0000,0.0000,0.0000,0.0000,"0",,"رئيسى",,0.0000,0.0000,1,1,0.0000,0,,,0.0000000000000000e+00,0.0000000000000000e+00,0,"1","0"
"100062",,"فيفالدي طقم حله استيل 30 -18","لا","لا","عام","طقم",,0.0000,"1",0.0000,0.0000,0.0000,0.0000,0.0000,0.0000,0.0000,0.0000,0.0000,"الحداد",,"1",0.0000,"0","0",0.0000,0.0000,,"0",,,,"رئيسى",0.0000,"%","-",0.0000,"%","-","0",,,0.0000,0.0000,"1",0.0000,0.0000,0.0000,0.0000,0.0000,0.0000,0.0000,0.0000,0.0000,0.0000,0.0000,0.0000,0.0000,0.0000,0.0000,0.0000,"0",,"رئيسى",,0.0000,0.0000,1,1,0.0000,0,,,0.0000000000000000e+00,0.0000000000000000e+00,0,"1","0"
"100063",,"ايكوتن طقم حله استيل بومبيه","لا","لا","عام","طقم",,0.0000,"1",0.0000,0.0000,0.0000,0.0000,0.0000,0.0000,0.0000,0.0000,0.0000,"الحداد",,"1",0.0000,"0","0",0.0000,0.0000,,"0",,,,"رئيسى",0.0000,"%","-",0.0000,"%","-","0",,,0.0000,0.0000,"1",0.0000,0.0000,0.0000,0.0000,0.0000,0.0000,0.0000,0.0000,0.0000,0.0000,0.0000,0.0000,0.0000,0.0000,0.0000,0.0000,"0",,"رئيسى",,0.0000,0.0000,1,1,0.0000,0,,,0.0000000000000000e+00,0.0000000000000000e+00,0,"1","0"
"100064","89440-15","ايكوتن طقم حله استانلس فوليا","لا","لا","عام","طقم",,0.0000,"1",0.0000,0.0000,0.0000,0.0000,0.0000,0.0000,0.0000,0.0000,0.0000,"الحداد",,"1",0.0000,"0","1",0.0000,0.0000,,"0",,,,"رئيسى",0.0000,"%","-",0.0000,"%","-","0",,,0.0000,0.0000,"1",0.0000,0.0000,0.0000,0.0000,0.0000,0.0000,0.0000,0.0000,0.0000,0.0000,0.0000,0.0000,0.0000,0.0000,0.0000,0.0000,"0",,"رئيسى",,0.0000,0.0000,1,1,0.0000,0,,,0.0000000000000000e+00,0.0000000000000000e+00,0,"1","0"
"100065",,"صنية الحداد 2 ق","لا","لا","عام","كرتونة","قطعه",8.0000,"1",0.0000,0.0000,0.0000,0.0000,0.0000,0.0000,0.0000,0.0000,0.0000,"الحداد",,"1",0.0000,"0","0",0.0000,0.0000,,"0",,,,"رئيسى",0.0000,"%","-",0.0000,"%","-","0",,,0.0000,0.0000,"1",0.0000,0.0000,0.0000,0.0000,0.0000,0.0000,0.0000,0.0000,0.0000,0.0000,0.0000,0.0000,0.0000,0.0000,0.0000,0.0000,"0",,"رئيسى",,0.0000,0.0000,1,1,0.0000,0,,,0.0000000000000000e+00,0.0000000000000000e+00,0,"1","0"
"100067",,"توزيع استيل الحداد عادى دهبى","لا","لا","عام","طقم",,0.0000,"1",0.0000,0.0000,0.0000,0.0000,0.0000,0.0000,0.0000,0.0000,0.0000,"الحداد",,"1",0.0000,"0","0",0.0000,0.0000,,"0",,,,"رئيسى",0.0000,"%","-",0.0000,"%","-","0",,,0.0000,0.0000,"1",0.0000,0.0000,0.0000,0.0000,0.0000,0.0000,0.0000,0.0000,0.0000,0.0000,0.0000,0.0000,0.0000,0.0000,0.0000,0.0000,"0",,"رئيسى",,0.0000,0.0000,1,1,0.0000,0,,,0.0000000000000000e+00,0.0000000000000000e+00,0,"1","0"
"100068",,"توزيع استيل الحداد لوكس","لا","لا","عام","طقم",,0.0000,"1",0.0000,0.0000,0.0000,0.0000,0.0000,0.0000,0.0000,0.0000,0.0000,"الحداد",,"1",0.0000,"0","0",0.0000,0.0000,,"0",,,,"رئيسى",0.0000,"%","-",0.0000,"%","-","0",,,0.0000,0.0000,"1",0.0000,0.0000,0.0000,0.0000,0.0000,0.0000,0.0000,0.0000,0.0000,0.0000,0.0000,0.0000,0.0000,0.0000,0.0000,0.0000,"0",,"رئيسى",,0.0000,0.0000,1,1,0.0000,0,,,0.0000000000000000e+00,0.0000000000000000e+00,0,"1","0"
"100069",,"توزيع استيل الحداد سوبر لوكس دهبى","لا","لا","عام","طقم",,0.0000,"1",0.0000,0.0000,0.0000,0.0000,0.0000,0.0000,0.0000,0.0000,0.0000,"الحداد",,"1",0.0000,"0","0",0.0000,0.0000,,"0",,,,"رئيسى",0.0000,"%","-",0.0000,"%","-","0",,,0.0000,0.0000,"1",0.0000,0.0000,0.0000,0.0000,0.0000,0.0000,0.0000,0.0000,0.0000,0.0000,0.0000,0.0000,0.0000,0.0000,0.0000,0.0000,"0",,"رئيسى",,0.0000,0.0000,1,1,0.0000,0,,,0.0000000000000000e+00,0.0000000000000000e+00,0,"1","0"
"100070",,"توزيع استيل الحداد اسود","لا","لا","عام","طقم",,0.0000,"1",0.0000,0.0000,0.0000,0.0000,0.0000,0.0000,0.0000,0.0000,0.0000,"الحداد",,"1",0.0000,"0","0",0.0000,0.0000,,"0",,,,"رئيسى",0.0000,"%","-",0.0000,"%","-","0",,,0.0000,0.0000,"1",0.0000,0.0000,0.0000,0.0000,0.0000,0.0000,0.0000,0.0000,0.0000,0.0000,0.0000,0.0000,0.0000,0.0000,0.0000,0.0000,"0",,"رئيسى",,0.0000,0.0000,1,1,0.0000,0,,,0.0000000000000000e+00,0.0000000000000000e+00,0,"1","0"
"100071",,"توزيع استيل الحداد دهبى دهبى","لا","لا","عام","طقم",,0.0000,"1",0.0000,0.0000,0.0000,0.0000,0.0000,0.0000,0.0000,0.0000,0.0000,"الحداد",,"1",0.0000,"0","0",0.0000,0.0000,,"0",,,,"رئيسى",0.0000,"%","-",0.0000,"%","-","0",,,0.0000,0.0000,"1",0.0000,0.0000,0.0000,0.0000,0.0000,0.0000,0.0000,0.0000,0.0000,0.0000,0.0000,0.0000,0.0000,0.0000,0.0000,0.0000,"0",,"رئيسى",,0.0000,0.0000,1,1,0.0000,0,,,0.0000000000000000e+00,0.0000000000000000e+00,0,"1","0"
"100072",,"ارشا 30 ق","لا","لا","عام","طقم",,0.0000,"1",0.0000,0.0000,0.0000,0.0000,0.0000,0.0000,0.0000,0.0000,0.0000,"الحداد",,"1",0.0000,"0","0",0.0000,0.0000,,"0",,,,"رئيسى",0.0000,"%","-",0.0000,"%","-","0",,,0.0000,0.0000,"1",0.0000,0.0000,0.0000,0.0000,0.0000,0.0000,0.0000,0.0000,0.0000,0.0000,0.0000,0.0000,0.0000,0.0000,0.0000,0.0000,"0",,"رئيسى",,0.0000,0.0000,1,1,0.0000,0,,,0.0000000000000000e+00,0.0000000000000000e+00,0,"1","0"
"100073",,"شنطة ملاعق ارشا 24","لا","لا","عام","شنطه",,0.0000,"1",0.0000,0.0000,0.0000,0.0000,0.0000,0.0000,0.0000,0.0000,0.0000,"الحداد",,"1",0.0000,"0","0",0.0000,0.0000,,"0",,,,"رئيسى",0.0000,"%","-",0.0000,"%","-","0",,,0.0000,0.0000,"1",0.0000,0.0000,0.0000,0.0000,0.0000,0.0000,0.0000,0.0000,0.0000,0.0000,0.0000,0.0000,0.0000,0.0000,0.0000,0.0000,"0",,"رئيسى",,0.0000,0.0000,1,1,0.0000,0,,,0.0000000000000000e+00,0.0000000000000000e+00,0,"1","0"
"100074",,"سكينه ارشا الحداد","لا","لا","عام","علبه",,0.0000,"1",0.0000,0.0000,0.0000,0.0000,0.0000,0.0000,0.0000,0.0000,0.0000,"الحداد",,"1",0.0000,"0","0",0.0000,0.0000,,"0",,,,"رئيسى",0.0000,"%","-",0.0000,"%","-","0",,,0.0000,0.0000,"1",0.0000,0.0000,0.0000,0.0000,0.0000,0.0000,0.0000,0.0000,0.0000,0.0000,0.0000,0.0000,0.0000,0.0000,0.0000,0.0000,"0",,"رئيسى",,0.0000,0.0000,1,1,0.0000,0,,,0.0000000000000000e+00,0.0000000000000000e+00,0,"1","0"
"100075",,"شنطة ملاعق 86 ارشا لوكس","لا","لا","عام","شنطه",,0.0000,"1",0.0000,0.0000,0.0000,0.0000,0.0000,0.0000,0.0000,0.0000,0.0000,"الحداد",,"1",0.0000,"0","0",0.0000,0.0000,,"0",,,,"رئيسى",0.0000,"%","-",0.0000,"%","-","0",,,0.0000,0.0000,"1",0.0000,0.0000,0.0000,0.0000,0.0000,0.0000,0.0000,0.0000,0.0000,0.0000,0.0000,0.0000,0.0000,0.0000,0.0000,0.0000,"0",,"رئيسى",,0.0000,0.0000,1,1,0.0000,0,,,0.0000000000000000e+00,0.0000000000000000e+00,0,"1","0"
"100076",,"طقم صنيه استيل ارشا","لا","لا","عام","طقم",,0.0000,"1",0.0000,0.0000,0.0000,0.0000,0.0000,0.0000,0.0000,0.0000,0.0000,"الحداد",,"1",0.0000,"0","0",0.0000,0.0000,,"0",,"محمد شومان",,"رئيسى",0.0000,"%","-",0.0000,"%","-","0",,,0.0000,0.0000,"1",0.0000,0.0000,0.0000,0.0000,0.0000,0.0000,0.0000,0.0000,0.0000,0.0000,0.0000,0.0000,0.0000,0.0000,0.0000,0.0000,"0",,"رئيسى",,0.0000,0.0000,1,1,0.0000,0,,,0.0000000000000000e+00,0.0000000000000000e+00,0,"1","0"
"100077",,"بابيلا طقم صوانى فرن تيفال 3 ق","لا","لا","عام","طقم",,0.0000,"1",0.0000,0.0000,0.0000,0.0000,0.0000,0.0000,0.0000,0.0000,0.0000,"الحداد",,"1",0.0000,"0","0",0.0000,0.0000,,"0",,,,"رئيسى",0.0000,"%","-",0.0000,"%","-","0",,,0.0000,0.0000,"1",0.0000,0.0000,0.0000,0.0000,0.0000,0.0000,0.0000,0.0000,0.0000,0.0000,0.0000,0.0000,0.0000,0.0000,0.0000,0.0000,"0",,"رئيسى",,0.0000,0.0000,1,1,0.0000,0,,,0.0000000000000000e+00,0.0000000000000000e+00,0,"1","0"
"100078",,"فيفالدى طقم كنك ساده","لا","لا","عام","طقم",,0.0000,"1",0.0000,0.0000,0.0000,0.0000,0.0000,0.0000,0.0000,0.0000,0.0000,"الحداد",,"1",0.0000,"0","0",0.0000,0.0000,,"0",,,,"رئيسى",0.0000,"%","-",0.0000,"%","-","0",,,0.0000,0.0000,"1",0.0000,0.0000,0.0000,0.0000,0.0000,0.0000,0.0000,0.0000,0.0000,0.0000,0.0000,0.0000,0.0000,0.0000,0.0000,0.0000,"0",,"رئيسى",,0.0000,0.0000,1,1,0.0000,0,,,0.0000000000000000e+00,0.0000000000000000e+00,0,"1","0"
"100079",,"فيفالدى طقم كنك استيل بيد الوان","لا","لا","عام","طقم",,0.0000,"1",0.0000,0.0000,0.0000,0.0000,0.0000,0.0000,0.0000,0.0000,0.0000,"الحداد",,"1",0.0000,"0","0",0.0000,0.0000,,"0",,,,"رئيسى",0.0000,"%","-",0.0000,"%","-","0",,,0.0000,0.0000,"1",0.0000,0.0000,0.0000,0.0000,0.0000,0.0000,0.0000,0.0000,0.0000,0.0000,0.0000,0.0000,0.0000,0.0000,0.0000,0.0000,"0",,"رئيسى",,0.0000,0.0000,1,1,0.0000,0,,,0.0000000000000000e+00,0.0000000000000000e+00,0,"1","0"
"100080",,"فيفالدى طقم كنك استيل بيد خشب","لا","لا","عام","طقم",,0.0000,"1",0.0000,0.0000,0.0000,0.0000,0.0000,0.0000,0.0000,0.0000,0.0000,"الحداد",,"1",0.0000,"0","0",0.0000,0.0000,,"0",,,,"رئيسى",0.0000,"%","-",0.0000,"%","-","0",,,0.0000,0.0000,"1",0.0000,0.0000,0.0000,0.0000,0.0000,0.0000,0.0000,0.0000,0.0000,0.0000,0.0000,0.0000,0.0000,0.0000,0.0000,0.0000,"0",,"رئيسى",,0.0000,0.0000,1,1,0.0000,0,,,0.0000000000000000e+00,0.0000000000000000e+00,0,"1","0"
"100081",,"فيفالدى حله استيل كراتوس 28-18","لا","لا","عام","طقم",,0.0000,"1",0.0000,0.0000,0.0000,0.0000,0.0000,0.0000,0.0000,0.0000,0.0000,"الحداد",,"1",0.0000,"0","0",0.0000,0.0000,,"0",,,,"رئيسى",0.0000,"%","-",0.0000,"%","-","0",,,0.0000,0.0000,"1",0.0000,0.0000,0.0000,0.0000,0.0000,0.0000,0.0000,0.0000,0.0000,0.0000,0.0000,0.0000,0.0000,0.0000,0.0000,0.0000,"0",,"رئيسى",,0.0000,0.0000,1,1,0.0000,0,,,0.0000000000000000e+00,0.0000000000000000e+00,0,"1","0"
"100082",,"مقلايه جرانيت بابيلا 22","لا","لا","عام","قطعة",,0.0000,"1",0.0000,0.0000,0.0000,0.0000,0.0000,0.0000,0.0000,0.0000,0.0000,"الحداد",,"1",0.0000,"0","0",0.0000,0.0000,,"0",,,,"رئيسى",0.0000,"%","-",0.0000,"%","-","0",,,0.0000,0.0000,"1",0.0000,0.0000,0.0000,0.0000,0.0000,0.0000,0.0000,0.0000,0.0000,0.0000,0.0000,0.0000,0.0000,0.0000,0.0000,0.0000,"0",,"رئيسى",,0.0000,0.0000,1,1,0.0000,0,,,0.0000000000000000e+00,0.0000000000000000e+00,0,"1","0"
"100083",,"مقلايه جرانيت بابيلا 24","لا","لا","عام","قطعة",,0.0000,"1",0.0000,0.0000,0.0000,0.0000,0.0000,0.0000,0.0000,0.0000,0.0000,"الحداد",,"1",0.0000,"0","0",0.0000,0.0000,,"0",,,,"رئيسى",0.0000,"%","-",0.0000,"%","-","0",,,0.0000,0.0000,"1",0.0000,0.0000,0.0000,0.0000,0.0000,0.0000,0.0000,0.0000,0.0000,0.0000,0.0000,0.0000,0.0000,0.0000,0.0000,0.0000,"0",,"رئيسى",,0.0000,0.0000,1,1,0.0000,0,,,0.0000000000000000e+00,0.0000000000000000e+00,0,"1","0"
"100084",,"مقلايه جرانيت بابيلا 26","لا","لا","عام","قطعة",,0.0000,"1",0.0000,0.0000,0.0000,0.0000,0.0000,0.0000,0.0000,0.0000,0.0000,"الحداد",,"1",0.0000,"0","0",0.0000,0.0000,,"0",,,,"رئيسى",0.0000,"%","-",0.0000,"%","-","0",,,0.0000,0.0000,"1",0.0000,0.0000,0.0000,0.0000,0.0000,0.0000,0.0000,0.0000,0.0000,0.0000,0.0000,0.0000,0.0000,0.0000,0.0000,0.0000,"0",,"رئيسى",,0.0000,0.0000,1,1,0.0000,0,,,0.0000000000000000e+00,0.0000000000000000e+00,0,"1","0"
"100085",,"مقلايه ووك جرانيت 28","لا","لا","عام","قطعة",,0.0000,"1",0.0000,0.0000,0.0000,0.0000,0.0000,0.0000,0.0000,0.0000,0.0000,"الحداد",,"1",0.0000,"0","0",0.0000,0.0000,,"0",,,,"رئيسى",0.0000,"%","-",0.0000,"%","-","0",,,0.0000,0.0000,"1",0.0000,0.0000,0.0000,0.0000,0.0000,0.0000,0.0000,0.0000,0.0000,0.0000,0.0000,0.0000,0.0000,0.0000,0.0000,0.0000,"0",,"رئيسى",,0.0000,0.0000,1,1,0.0000,0,,,0.0000000000000000e+00,0.0000000000000000e+00,0,"1","0"
"100086",,"بابيلا طاجن جرانيت 2 ق","لا","لا","عام","قطعة",,0.0000,"1",0.0000,0.0000,0.0000,0.0000,0.0000,0.0000,0.0000,0.0000,0.0000,"الحداد",,"1",0.0000,"0","0",0.0000,0.0000,,"0",,,,"رئيسى",0.0000,"%","-",0.0000,"%","-","0",,,0.0000,0.0000,"1",0.0000,0.0000,0.0000,0.0000,0.0000,0.0000,0.0000,0.0000,0.0000,0.0000,0.0000,0.0000,0.0000,0.0000,0.0000,0.0000,"0",,"رئيسى",,0.0000,0.0000,1,1,0.0000,0,,,0.0000000000000000e+00,0.0000000000000000e+00,0,"1","0"
"100087",,"فيفالدى طقم استيل انكا 11 ق","لا","لا","عام","قطعة",,0.0000,"1",0.0000,0.0000,0.0000,0.0000,0.0000,0.0000,0.0000,0.0000,0.0000,"الحداد",,"1",0.0000,"0","0",0.0000,0.0000,,"0",,,,"رئيسى",0.0000,"%","-",0.0000,"%","-","0",,,0.0000,0.0000,"1",0.0000,0.0000,0.0000,0.0000,0.0000,0.0000,0.0000,0.0000,0.0000,0.0000,0.0000,0.0000,0.0000,0.0000,0.0000,0.0000,"0",,"رئيسى",,0.0000,0.0000,1,1,0.0000,0,,,0.0000000000000000e+00,0.0000000000000000e+00,0,"1","0"
"100088",,"حافظ طعام خشبى","لا","لا","عام","كرتونة","طقم",6.0000,"1",0.0000,0.0000,0.0000,0.0000,0.0000,0.0000,0.0000,0.0000,0.0000,"محمد مجدى",,"1",0.0000,"0","0",0.0000,0.0000,,"0",,"احمد عبدالكريم",,"رئيسى",0.0000,"%","-",0.0000,"%","-","0",,,0.0000,0.0000,"1",0.0000,0.0000,0.0000,0.0000,0.0000,0.0000,0.0000,0.0000,0.0000,0.0000,0.0000,0.0000,0.0000,0.0000,0.0000,0.0000,"0",,"رئيسى",,0.0000,0.0000,1,1,0.0000,0,,,0.0000000000000000e+00,0.0000000000000000e+00,0,"1","0"
"100089",,"عجانه استيل مقاس 45","لا","لا","عام","قطعة",,0.0000,"1",0.0000,0.0000,0.0000,0.0000,0.0000,0.0000,0.0000,0.0000,0.0000,"ماهر عرام",,"1",0.0000,"0","0",0.0000,0.0000,,"0",,,,"رئيسى",0.0000,"%","-",0.0000,"%","-","0",,,0.0000,0.0000,"1",0.0000,0.0000,0.0000,0.0000,0.0000,0.0000,0.0000,0.0000,0.0000,0.0000,0.0000,0.0000,0.0000,0.0000,0.0000,0.0000,"0",,"رئيسى",,0.0000,0.0000,1,1,0.0000,0,,,0.0000000000000000e+00,0.0000000000000000e+00,0,"1","0"
"100090",,"عجانه استيل مقاس 50","لا","لا","عام","قطعة",,0.0000,"1",0.0000,0.0000,0.0000,0.0000,0.0000,0.0000,0.0000,0.0000,0.0000,"ماهر عرام",,"1",0.0000,"0","0",0.0000,0.0000,,"0",,,,"رئيسى",0.0000,"%","-",0.0000,"%","-","0",,,0.0000,0.0000,"1",0.0000,0.0000,0.0000,0.0000,0.0000,0.0000,0.0000,0.0000,0.0000,0.0000,0.0000,0.0000,0.0000,0.0000,0.0000,0.0000,"0",,"رئيسى",,0.0000,0.0000,1,1,0.0000,0,,,0.0000000000000000e+00,0.0000000000000000e+00,0,"1","0"
"100091",,"عجانه استيل مقاس 55","لا","لا","عام","قطعة",,0.0000,"1",0.0000,0.0000,0.0000,0.0000,0.0000,0.0000,0.0000,0.0000,0.0000,"ماهر عرام",,"1",0.0000,"0","0",0.0000,0.0000,,"0",,,,"رئيسى",0.0000,"%","-",0.0000,"%","-","0",,,0.0000,0.0000,"1",0.0000,0.0000,0.0000,0.0000,0.0000,0.0000,0.0000,0.0000,0.0000,0.0000,0.0000,0.0000,0.0000,0.0000,0.0000,0.0000,"0",,"رئيسى",,0.0000,0.0000,1,1,0.0000,0,,,0.0000000000000000e+00,0.0000000000000000e+00,0,"1","0"
"100092",,"ترمس شاى","لا","لا","عام","قطعة",,0.0000,"1",0.0000,0.0000,0.0000,0.0000,0.0000,0.0000,0.0000,0.0000,0.0000,"ماهر عرام",,"1",0.0000,"0","0",0.0000,0.0000,,"0",,"العربي",,"رئيسى",0.0000,"%","-",0.0000,"%","-","0",,,0.0000,0.0000,"1",0.0000,0.0000,0.0000,0.0000,0.0000,0.0000,0.0000,0.0000,0.0000,0.0000,0.0000,0.0000,0.0000,0.0000,0.0000,0.0000,"0",,"رئيسى",,0.0000,0.0000,1,1,0.0000,0,,,0.0000000000000000e+00,0.0000000000000000e+00,0,"1","0"
"100093",,"سكينه الكباس","لا","لا","عام","قطعة",,0.0000,"1",0.0000,0.0000,0.0000,0.0000,0.0000,0.0000,0.0000,0.0000,0.0000,"الكباس",,"1",0.0000,"0","0",0.0000,0.0000,,"0",,,,"رئيسى",0.0000,"%","-",0.0000,"%","-","0",,,0.0000,0.0000,"1",0.0000,0.0000,0.0000,0.0000,0.0000,0.0000,0.0000,0.0000,0.0000,0.0000,0.0000,0.0000,0.0000,0.0000,0.0000,0.0000,"0",,"رئيسى",,0.0000,0.0000,1,1,0.0000,0,,,0.0000000000000000e+00,0.0000000000000000e+00,0,"1","0"
"100094",,"صنيه استيل 2ق","لا","لا","عام","قطعة",,0.0000,"1",0.0000,0.0000,0.0000,0.0000,0.0000,0.0000,0.0000,0.0000,0.0000,"رضا زكريا",,"1",0.0000,"0","0",0.0000,0.0000,,"0",,,,"رئيسى",0.0000,"%","-",0.0000,"%","-","0",,,0.0000,0.0000,"1",0.0000,0.0000,0.0000,0.0000,0.0000,0.0000,0.0000,0.0000,0.0000,0.0000,0.0000,0.0000,0.0000,0.0000,0.0000,0.0000,"0",,"رئيسى",,0.0000,0.0000,1,1,0.0000,0,,,0.0000000000000000e+00,0.0000000000000000e+00,0,"1","0"
"100095",,"مج كافيه 6*1ع حامل 6ق","لا","لا","عام","قطعة",,0.0000,"1",0.0000,0.0000,0.0000,0.0000,0.0000,0.0000,0.0000,0.0000,0.0000,"عماره",,"1",0.0000,"0","0",0.0000,0.0000,,"0",,"محمد مجدى",,"رئيسى",0.0000,"%","-",0.0000,"%","-","0",,,0.0000,0.0000,"1",0.0000,0.0000,0.0000,0.0000,0.0000,0.0000,0.0000,0.0000,0.0000,0.0000,0.0000,0.0000,0.0000,0.0000,0.0000,0.0000,"0",,"رئيسى",,0.0000,0.0000,1,1,0.0000,0,,,0.0000000000000000e+00,0.0000000000000000e+00,0,"1","0"
"100096",,"مج شوربة 4*1ع حامل 4ق","لا","لا","عام","قطعة",,0.0000,"1",0.0000,0.0000,0.0000,0.0000,0.0000,0.0000,0.0000,0.0000,0.0000,"عماره",,"1",0.0000,"0","0",0.0000,0.0000,,"0",,,,"رئيسى",0.0000,"%","-",0.0000,"%","-","0",,,0.0000,0.0000,"1",0.0000,0.0000,0.0000,0.0000,0.0000,0.0000,0.0000,0.0000,0.0000,0.0000,0.0000,0.0000,0.0000,0.0000,0.0000,0.0000,"0",,"رئيسى",,0.0000,0.0000,1,1,0.0000,0,,,0.0000000000000000e+00,0.0000000000000000e+00,0,"1","0"
"100097",,"صنيه استيل عادى","لا","لا","عام","كرتونة","قطعه",6.0000,"1",0.0000,0.0000,0.0000,0.0000,0.0000,0.0000,0.0000,0.0000,0.0000,"محمد مجدى",,"1",0.0000,"0","0",0.0000,0.0000,,"0",,,,"رئيسى",0.0000,"%","-",0.0000,"%","-","0",,,0.0000,0.0000,"1",0.0000,0.0000,0.0000,0.0000,0.0000,0.0000,0.0000,0.0000,0.0000,0.0000,0.0000,0.0000,0.0000,0.0000,0.0000,0.0000,"0",,"رئيسى",,0.0000,0.0000,1,1,0.0000,0,,,0.0000000000000000e+00,0.0000000000000000e+00,0,"1","0"
"100103",,"فيفالدى طقم استيل انكا 11 ق احمر","لا","لا","عام","قطعة",,0.0000,"1",0.0000,0.0000,0.0000,0.0000,0.0000,0.0000,0.0000,0.0000,0.0000,"الحداد",,"1",0.0000,"0","0",0.0000,0.0000,,"0",,,,"رئيسى",0.0000,"%","-",0.0000,"%","-","0",,,0.0000,0.0000,"1",0.0000,0.0000,0.0000,0.0000,0.0000,0.0000,0.0000,0.0000,0.0000,0.0000,0.0000,0.0000,0.0000,0.0000,0.0000,0.0000,"0",,"رئيسى",,0.0000,0.0000,1,1,0.0000,0,,,0.0000000000000000e+00,0.0000000000000000e+00,0,"1","0"
"100104",,"فيفالدى طقم استيل انكا 11 ق ذهبي","لا","لا","عام","قطعة",,0.0000,"1",0.0000,0.0000,0.0000,0.0000,0.0000,0.0000,0.0000,0.0000,0.0000,"الحداد",,"1",0.0000,"0","0",0.0000,0.0000,,"0",,,,"رئيسى",0.0000,"%","-",0.0000,"%","-","0",,,0.0000,0.0000,"1",0.0000,0.0000,0.0000,0.0000,0.0000,0.0000,0.0000,0.0000,0.0000,0.0000,0.0000,0.0000,0.0000,0.0000,0.0000,0.0000,"0",,"رئيسى",,0.0000,0.0000,1,1,0.0000,0,,,0.0000000000000000e+00,0.0000000000000000e+00,0,"1","0"
"100105",,"صنية استيل تركي","لا","لا","عام","قطعة",,0.0000,"1",0.0000,0.0000,0.0000,0.0000,0.0000,0.0000,0.0000,0.0000,0.0000,"الحداد",,"1",0.0000,"0","0",0.0000,0.0000,,"0",,,,"رئيسى",0.0000,"%","-",0.0000,"%","-","0",,,0.0000,0.0000,"1",0.0000,0.0000,0.0000,0.0000,0.0000,0.0000,0.0000,0.0000,0.0000,0.0000,0.0000,0.0000,0.0000,0.0000,0.0000,0.0000,"0",,"رئيسى",,0.0000,0.0000,1,1,0.0000,0,,,0.0000000000000000e+00,0.0000000000000000e+00,0,"1","0"
"100106",,"فيفالدي حله استيل فرداني م28","لا","لا","عام","قطعة",,0.0000,"1",0.0000,0.0000,0.0000,0.0000,0.0000,0.0000,0.0000,0.0000,0.0000,"الحداد",,"1",0.0000,"0","0",0.0000,0.0000,,"0",,,,"رئيسى",0.0000,"%","-",0.0000,"%","-","0",,,0.0000,0.0000,"1",0.0000,0.0000,0.0000,0.0000,0.0000,0.0000,0.0000,0.0000,0.0000,0.0000,0.0000,0.0000,0.0000,0.0000,0.0000,0.0000,"0",,"رئيسى",,0.0000,0.0000,1,1,0.0000,0,,,0.0000000000000000e+00,0.0000000000000000e+00,0,"1","0"
"100102",,"بابيلا حله جرانيت 12 قطعة","لا","لا","عام","طقم",,0.0000,"1",0.0000,0.0000,0.0000,0.0000,0.0000,0.0000,0.0000,0.0000,0.0000,"الحداد",,"1",0.0000,"0","0",0.0000,0.0000,,"0",,,,"رئيسى",0.0000,"%","-",0.0000,"%","-","0",,,0.0000,0.0000,"1",0.0000,0.0000,0.0000,0.0000,0.0000,0.0000,0.0000,0.0000,0.0000,0.0000,0.0000,0.0000,0.0000,0.0000,0.0000,0.0000,"0",,"رئيسى",,0.0000,0.0000,1,1,0.0000,0,,,0.0000000000000000e+00,0.0000000000000000e+00,0,"1","0"
"100107",,"دروبينا حلة جرانيت فرداني 24 كحلي","لا","لا","عام","قطعة",,0.0000,"1",0.0000,0.0000,0.0000,0.0000,0.0000,0.0000,0.0000,0.0000,0.0000,"الحداد",,"1",0.0000,"0","0",0.0000,0.0000,,"0",,,,"رئيسى",0.0000,"%","-",0.0000,"%","-","0",,,0.0000,0.0000,"1",0.0000,0.0000,0.0000,0.0000,0.0000,0.0000,0.0000,0.0000,0.0000,0.0000,0.0000,0.0000,0.0000,0.0000,0.0000,0.0000,"0",,"رئيسى",,0.0000,0.0000,1,1,0.0000,0,,,0.0000000000000000e+00,0.0000000000000000e+00,0,"1","0"
"100108",,"فيفالدى طقم استيل انكا 11 ق يد خشب","لا","لا","عام","قطعة",,0.0000,"1",0.0000,0.0000,0.0000,0.0000,0.0000,0.0000,0.0000,0.0000,0.0000,"الحداد",,"1",0.0000,"0","0",0.0000,0.0000,,"0",,,,"رئيسى",0.0000,"%","-",0.0000,"%","-","0",,,0.0000,0.0000,"1",0.0000,0.0000,0.0000,0.0000,0.0000,0.0000,0.0000,0.0000,0.0000,0.0000,0.0000,0.0000,0.0000,0.0000,0.0000,0.0000,"0",,"رئيسى",,0.0000,0.0000,1,1,0.0000,0,,,0.0000000000000000e+00,0.0000000000000000e+00,0,"1","0"
"100109",,"فيفالدى طقم استيل انكا 11 ق اخضر","لا","لا","عام","قطعة",,0.0000,"1",0.0000,0.0000,0.0000,0.0000,0.0000,0.0000,0.0000,0.0000,0.0000,"الحداد",,"1",0.0000,"0","0",0.0000,0.0000,,"0",,,,"رئيسى",0.0000,"%","-",0.0000,"%","-","0",,,0.0000,0.0000,"1",0.0000,0.0000,0.0000,0.0000,0.0000,0.0000,0.0000,0.0000,0.0000,0.0000,0.0000,0.0000,0.0000,0.0000,0.0000,0.0000,"0",,"رئيسى",,0.0000,0.0000,1,1,0.0000,0,,,0.0000000000000000e+00,0.0000000000000000e+00,0,"1","0"
"100110",,"سكينه صب","لا","لا","عام","قطعة",,0.0000,"1",0.0000,0.0000,0.0000,0.0000,0.0000,0.0000,0.0000,0.0000,0.0000,"العربي",,"1",0.0000,"0","0",0.0000,0.0000,,"0",,,,"رئيسى",0.0000,"%","-",0.0000,"%","-","0",,,0.0000,0.0000,"1",0.0000,0.0000,0.0000,0.0000,0.0000,0.0000,0.0000,0.0000,0.0000,0.0000,0.0000,0.0000,0.0000,0.0000,0.0000,0.0000,"0",,"رئيسى",,0.0000,0.0000,1,1,0.0000,0,,,0.0000000000000000e+00,0.0000000000000000e+00,0,"1","0"
"100111",,"مبشره كف","لا","لا","عام","قطعة",,0.0000,"1",0.0000,0.0000,0.0000,0.0000,0.0000,0.0000,0.0000,0.0000,0.0000,"العربي",,"1",0.0000,"0","0",0.0000,0.0000,,"0",,,,"رئيسى",0.0000,"%","-",0.0000,"%","-","0",,,0.0000,0.0000,"1",0.0000,0.0000,0.0000,0.0000,0.0000,0.0000,0.0000,0.0000,0.0000,0.0000,0.0000,0.0000,0.0000,0.0000,0.0000,0.0000,"0",,"رئيسى",,0.0000,0.0000,1,1,0.0000,0,,,0.0000000000000000e+00,0.0000000000000000e+00,0,"1","0"
"100112",,"عمود طعام","لا","لا","عام","قطعة",,0.0000,"1",0.0000,0.0000,0.0000,0.0000,0.0000,0.0000,0.0000,0.0000,0.0000,"النور",,"1",0.0000,"0","0",0.0000,0.0000,,"0",,,,"رئيسى",0.0000,"%","-",0.0000,"%","-","0",,,0.0000,0.0000,"1",0.0000,0.0000,0.0000,0.0000,0.0000,0.0000,0.0000,0.0000,0.0000,0.0000,0.0000,0.0000,0.0000,0.0000,0.0000,0.0000,"0",,"رئيسى",,0.0000,0.0000,1,1,0.0000,0,,,0.0000000000000000e+00,0.0000000000000000e+00,0,"1","0"
"100113",,"تلاجه بيد سيلكون","لا","لا","عام","قطعة",,0.0000,"1",0.0000,0.0000,0.0000,0.0000,0.0000,0.0000,0.0000,0.0000,0.0000,"النور",,"1",0.0000,"0","0",0.0000,0.0000,,"0",,,,"رئيسى",0.0000,"%","-",0.0000,"%","-","0",,,0.0000,0.0000,"1",0.0000,0.0000,0.0000,0.0000,0.0000,0.0000,0.0000,0.0000,0.0000,0.0000,0.0000,0.0000,0.0000,0.0000,0.0000,0.0000,"0",,"رئيسى",,0.0000,0.0000,1,1,0.0000,0,,,0.0000000000000000e+00,0.0000000000000000e+00,0,"1","0"
"100114",,"تلاجه بومبه","لا","لا","عام","قطعة",,0.0000,"1",0.0000,0.0000,0.0000,0.0000,0.0000,0.0000,0.0000,0.0000,0.0000,"النور",,"1",0.0000,"0","0",0.0000,0.0000,,"0",,,,"رئيسى",0.0000,"%","-",0.0000,"%","-","0",,,0.0000,0.0000,"1",0.0000,0.0000,0.0000,0.0000,0.0000,0.0000,0.0000,0.0000,0.0000,0.0000,0.0000,0.0000,0.0000,0.0000,0.0000,0.0000,"0",,"رئيسى",,0.0000,0.0000,1,1,0.0000,0,,,0.0000000000000000e+00,0.0000000000000000e+00,0,"1","0"
"100115",,"سرفيس لوكس","لا","لا","عام","قطعة",,0.0000,"1",0.0000,0.0000,0.0000,0.0000,0.0000,0.0000,0.0000,0.0000,0.0000,"العالميه استيل",,"1",0.0000,"0","0",0.0000,0.0000,,"0",,,,"رئيسى",0.0000,"%","-",0.0000,"%","-","0",,,0.0000,0.0000,"1",0.0000,0.0000,0.0000,0.0000,0.0000,0.0000,0.0000,0.0000,0.0000,0.0000,0.0000,0.0000,0.0000,0.0000,0.0000,0.0000,"0",,"رئيسى",,0.0000,0.0000,1,1,0.0000,0,,,0.0000000000000000e+00,0.0000000000000000e+00,0,"1","0"
"100116",,"صوانى سماح","لا","لا","عام","قطعة",,0.0000,"1",0.0000,0.0000,0.0000,0.0000,0.0000,0.0000,0.0000,0.0000,0.0000,"العالميه استيل",,"1",0.0000,"0","0",0.0000,0.0000,,"0",,,,"رئيسى",0.0000,"%","-",0.0000,"%","-","0",,,0.0000,0.0000,"1",0.0000,0.0000,0.0000,0.0000,0.0000,0.0000,0.0000,0.0000,0.0000,0.0000,0.0000,0.0000,0.0000,0.0000,0.0000,0.0000,"0",,"رئيسى",,0.0000,0.0000,1,1,0.0000,0,,,0.0000000000000000e+00,0.0000000000000000e+00,0,"1","0"
"100117",,"صوانى موزه ص","لا","لا","عام","قطعة",,0.0000,"1",0.0000,0.0000,0.0000,0.0000,0.0000,0.0000,0.0000,0.0000,0.0000,"العالميه استيل",,"1",0.0000,"0","0",0.0000,0.0000,,"0",,,,"رئيسى",0.0000,"%","-",0.0000,"%","-","0",,,0.0000,0.0000,"1",0.0000,0.0000,0.0000,0.0000,0.0000,0.0000,0.0000,0.0000,0.0000,0.0000,0.0000,0.0000,0.0000,0.0000,0.0000,0.0000,"0",,"رئيسى",,0.0000,0.0000,1,1,0.0000,0,,,0.0000000000000000e+00,0.0000000000000000e+00,0,"1","0"
"100118",,"صوانى موزه ك","لا","لا","عام","قطعة",,0.0000,"1",0.0000,0.0000,0.0000,0.0000,0.0000,0.0000,0.0000,0.0000,0.0000,"العالميه استيل",,"1",0.0000,"0","0",0.0000,0.0000,,"0",,,,"رئيسى",0.0000,"%","-",0.0000,"%","-","0",,,0.0000,0.0000,"1",0.0000,0.0000,0.0000,0.0000,0.0000,0.0000,0.0000,0.0000,0.0000,0.0000,0.0000,0.0000,0.0000,0.0000,0.0000,0.0000,"0",,"رئيسى",,0.0000,0.0000,1,1,0.0000,0,,,0.0000000000000000e+00,0.0000000000000000e+00,0,"1","0"
"100119",,"صنيه خشب الهنا","لا","لا","عام","قطعة",,0.0000,"1",0.0000,0.0000,0.0000,0.0000,0.0000,0.0000,0.0000,0.0000,0.0000,"محمد مجدى",,"1",0.0000,"0","0",0.0000,0.0000,,"0",,,,"رئيسى",0.0000,"%","-",0.0000,"%","-","0",,,0.0000,0.0000,"1",0.0000,0.0000,0.0000,0.0000,0.0000,0.0000,0.0000,0.0000,0.0000,0.0000,0.0000,0.0000,0.0000,0.0000,0.0000,0.0000,"0",,"رئيسى",,0.0000,0.0000,1,1,0.0000,0,,,0.0000000000000000e+00,0.0000000000000000e+00,0,"1","0"
"100120",,"ترمس شاى زجاج","لا","لا","عام","كرتونة","قطعه",12.0000,"1",0.0000,0.0000,0.0000,0.0000,0.0000,0.0000,0.0000,0.0000,0.0000,"محمد مجدى",,"1",0.0000,"0","0",0.0000,0.0000,,"0",,,,"رئيسى",0.0000,"%","-",0.0000,"%","-","0",,,0.0000,0.0000,"1",0.0000,0.0000,0.0000,0.0000,0.0000,0.0000,0.0000,0.0000,0.0000,0.0000,0.0000,0.0000,0.0000,0.0000,0.0000,0.0000,"0",,"رئيسى",,0.0000,0.0000,1,1,0.0000,0,,,0.0000000000000000e+00,0.0000000000000000e+00,0,"1","0"
"100121",,"صنيه استيل الباشا","لا","لا","عام","قطعة",,0.0000,"1",0.0000,0.0000,0.0000,0.0000,0.0000,0.0000,0.0000,0.0000,0.0000,"احمد وحيد",,"1",0.0000,"0","0",0.0000,0.0000,,"0",,,,"رئيسى",0.0000,"%","-",0.0000,"%","-","0",,,0.0000,0.0000,"1",0.0000,0.0000,0.0000,0.0000,0.0000,0.0000,0.0000,0.0000,0.0000,0.0000,0.0000,0.0000,0.0000,0.0000,0.0000,0.0000,"0",,"رئيسى",,0.0000,0.0000,1,1,0.0000,0,,,0.0000000000000000e+00,0.0000000000000000e+00,0,"1","0"
"100122",,"صنيه ارشا ك","لا","لا","عام","قطعة",,0.0000,"1",0.0000,0.0000,0.0000,0.0000,0.0000,0.0000,0.0000,0.0000,0.0000,"محمد شومان",,"1",0.0000,"0","0",0.0000,0.0000,,"0",,,,"رئيسى",0.0000,"%","-",0.0000,"%","-","0",,,0.0000,0.0000,"1",0.0000,0.0000,0.0000,0.0000,0.0000,0.0000,0.0000,0.0000,0.0000,0.0000,0.0000,0.0000,0.0000,0.0000,0.0000,0.0000,"0",,"رئيسى",,0.0000,0.0000,1,1,0.0000,0,,,0.0000000000000000e+00,0.0000000000000000e+00,0,"1","0"
"100123",,"شاى فص شومان","لا","لا","عام","قطعة",,0.0000,"1",0.0000,0.0000,0.0000,0.0000,0.0000,0.0000,0.0000,0.0000,0.0000,"محمد شومان",,"1",0.0000,"0","0",0.0000,0.0000,,"0",,,,"رئيسى",0.0000,"%","-",0.0000,"%","-","0",,,0.0000,0.0000,"1",0.0000,0.0000,0.0000,0.0000,0.0000,0.0000,0.0000,0.0000,0.0000,0.0000,0.0000,0.0000,0.0000,0.0000,0.0000,0.0000,"0",,"رئيسى",,0.0000,0.0000,1,1,0.0000,0,,,0.0000000000000000e+00,0.0000000000000000e+00,0,"1","0"
"100124",,"شاى الوان شومان","لا","لا","عام","قطعة",,0.0000,"1",0.0000,0.0000,0.0000,0.0000,0.0000,0.0000,0.0000,0.0000,0.0000,"محمد شومان",,"1",0.0000,"0","0",0.0000,0.0000,,"0",,,,"رئيسى",0.0000,"%","-",0.0000,"%","-","0",,,0.0000,0.0000,"1",0.0000,0.0000,0.0000,0.0000,0.0000,0.0000,0.0000,0.0000,0.0000,0.0000,0.0000,0.0000,0.0000,0.0000,0.0000,0.0000,"0",,"رئيسى",,0.0000,0.0000,1,1,0.0000,0,,,0.0000000000000000e+00,0.0000000000000000e+00,0,"1","0"
"100125",,"جريل دبل","لا","لا","عام","قطعة",,0.0000,"1",0.0000,0.0000,0.0000,0.0000,0.0000,0.0000,0.0000,0.0000,0.0000,"احمد عبدالكريم",,"1",0.0000,"0","0",0.0000,0.0000,,"0",,"محمد مجدى",,"رئيسى",0.0000,"%","-",0.0000,"%","-","0",,,0.0000,0.0000,"1",0.0000,0.0000,0.0000,0.0000,0.0000,0.0000,0.0000,0.0000,0.0000,0.0000,0.0000,0.0000,0.0000,0.0000,0.0000,0.0000,"0",,"رئيسى",,0.0000,0.0000,1,1,0.0000,0,,,0.0000000000000000e+00,0.0000000000000000e+00,0,"1","0"
"100126",,"صوانى جرانيت 3ق","لا","لا","عام","قطعة",,0.0000,"1",0.0000,0.0000,0.0000,0.0000,0.0000,0.0000,0.0000,0.0000,0.0000,"كرنفال",,"1",0.0000,"0","0",0.0000,0.0000,,"0",,,,"رئيسى",0.0000,"%","-",0.0000,"%","-","0",,,0.0000,0.0000,"1",0.0000,0.0000,0.0000,0.0000,0.0000,0.0000,0.0000,0.0000,0.0000,0.0000,0.0000,0.0000,0.0000,0.0000,0.0000,0.0000,"0",,"رئيسى",,0.0000,0.0000,1,0,0.0000,0,,,0.0000000000000000e+00,0.0000000000000000e+00,0,"1","0"
"100127",,"صوانى بيتزا الومنيوم","لا","لا","عام","قطعة",,0.0000,"1",0.0000,0.0000,0.0000,0.0000,0.0000,0.0000,0.0000,0.0000,0.0000,"محمد مجدى",,"1",0.0000,"0","0",0.0000,0.0000,,"0",,,,"رئيسى",0.0000,"%","-",0.0000,"%","-","0",,,0.0000,0.0000,"1",0.0000,0.0000,0.0000,0.0000,0.0000,0.0000,0.0000,0.0000,0.0000,0.0000,0.0000,0.0000,0.0000,0.0000,0.0000,0.0000,"0",,"رئيسى",,0.0000,0.0000,1,1,0.0000,0,,,0.0000000000000000e+00,0.0000000000000000e+00,0,"1","0"
"100128",,"اركوبال ابيض58ق","لا","لا","عام","طقم",,0.0000,"1",0.0000,0.0000,0.0000,0.0000,0.0000,0.0000,0.0000,0.0000,0.0000,"محمد مجدى",,"1",0.0000,"0","0",0.0000,0.0000,,"0",,,,"رئيسى",0.0000,"%","-",0.0000,"%","-","0",,,0.0000,0.0000,"1",0.0000,0.0000,0.0000,0.0000,0.0000,0.0000,0.0000,0.0000,0.0000,0.0000,0.0000,0.0000,0.0000,0.0000,0.0000,0.0000,"0",,"رئيسى",,0.0000,0.0000,1,1,0.0000,0,,,0.0000000000000000e+00,0.0000000000000000e+00,0,"1","0"
"100129",,"عشا كوتهيا24ق","لا","لا","عام","طقم",,0.0000,"1",0.0000,0.0000,0.0000,0.0000,0.0000,0.0000,0.0000,0.0000,0.0000,"احمد عبدالكريم",,"1",0.0000,"0","0",0.0000,0.0000,,"0",,,,"رئيسى",0.0000,"%","-",0.0000,"%","-","0",,,0.0000,0.0000,"1",0.0000,0.0000,0.0000,0.0000,0.0000,0.0000,0.0000,0.0000,0.0000,0.0000,0.0000,0.0000,0.0000,0.0000,0.0000,0.0000,"0",,"رئيسى",,0.0000,0.0000,1,1,0.0000,0,,,0.0000000000000000e+00,0.0000000000000000e+00,0,"1","0"
"100130",,"جرانيت سولتير11ق","لا","لا","عام","طقم",,0.0000,"1",0.0000,0.0000,0.0000,0.0000,0.0000,0.0000,0.0000,0.0000,0.0000,"الحداد",,"1",0.0000,"0","0",0.0000,0.0000,,"0",,,,"رئيسى",0.0000,"%","-",0.0000,"%","-","0",,,0.0000,0.0000,"1",0.0000,0.0000,0.0000,0.0000,0.0000,0.0000,0.0000,0.0000,0.0000,0.0000,0.0000,0.0000,0.0000,0.0000,0.0000,0.0000,"0",,"رئيسى",,0.0000,0.0000,1,1,0.0000,0,,,0.0000000000000000e+00,0.0000000000000000e+00,0,"1","0"
"100131",,"جريل دبل سولتير الحدلد","لا","لا","عام","قطعة",,0.0000,"1",0.0000,0.0000,0.0000,0.0000,0.0000,0.0000,0.0000,0.0000,0.0000,"الحداد",,"1",0.0000,"0","0",0.0000,0.0000,,"0",,,,"رئيسى",0.0000,"%","-",0.0000,"%","-","0",,,0.0000,0.0000,"1",0.0000,0.0000,0.0000,0.0000,0.0000,0.0000,0.0000,0.0000,0.0000,0.0000,0.0000,0.0000,0.0000,0.0000,0.0000,0.0000,"0",,"رئيسى",,0.0000,0.0000,1,1,0.0000,0,,,0.0000000000000000e+00,0.0000000000000000e+00,0,"1","0"
"100132",,"براد استيل فيفالدى 1 لتر","لا","لا","عام","قطعة",,0.0000,"1",0.0000,0.0000,0.0000,0.0000,0.0000,0.0000,0.0000,0.0000,0.0000,"الحداد",,"1",0.0000,"0","0",0.0000,0.0000,,"0",,,,"رئيسى",0.0000,"%","-",0.0000,"%","-","0",,,0.0000,0.0000,"1",0.0000,0.0000,0.0000,0.0000,0.0000,0.0000,0.0000,0.0000,0.0000,0.0000,0.0000,0.0000,0.0000,0.0000,0.0000,0.0000,"0",,"رئيسى",,0.0000,0.0000,1,1,0.0000,0,,,0.0000000000000000e+00,0.0000000000000000e+00,0,"1","0"
"100133",,"صنيه فرن جرانيت 26","لا","لا","عام","قطعة",,0.0000,"1",0.0000,0.0000,0.0000,0.0000,0.0000,0.0000,0.0000,0.0000,0.0000,"الحداد",,"1",0.0000,"0","0",0.0000,0.0000,,"0",,,,"رئيسى",0.0000,"%","-",0.0000,"%","-","0",,,0.0000,0.0000,"1",0.0000,0.0000,0.0000,0.0000,0.0000,0.0000,0.0000,0.0000,0.0000,0.0000,0.0000,0.0000,0.0000,0.0000,0.0000,0.0000,"0",,"رئيسى",,0.0000,0.0000,1,1,0.0000,0,,,0.0000000000000000e+00,0.0000000000000000e+00,0,"1","0"
"100134",,"صنيه فرن جرانيت 28","لا","لا","عام","قطعة",,0.0000,"1",0.0000,0.0000,0.0000,0.0000,0.0000,0.0000,0.0000,0.0000,0.0000,"الحداد",,"1",0.0000,"0","0",0.0000,0.0000,,"0",,,,"رئيسى",0.0000,"%","-",0.0000,"%","-","0",,,0.0000,0.0000,"1",0.0000,0.0000,0.0000,0.0000,0.0000,0.0000,0.0000,0.0000,0.0000,0.0000,0.0000,0.0000,0.0000,0.0000,0.0000,0.0000,"0",,"رئيسى",,0.0000,0.0000,1,1,0.0000,0,,,0.0000000000000000e+00,0.0000000000000000e+00,0,"1","0"
"100135",,"لبانه جرانيت بابيلا","لا","لا","عام","قطعة",,0.0000,"1",0.0000,0.0000,0.0000,0.0000,0.0000,0.0000,0.0000,0.0000,0.0000,"السقا",,"1",0.0000,"0","0",0.0000,0.0000,,"0",,,,"رئيسى",0.0000,"%","-",0.0000,"%","-","0",,,0.0000,0.0000,"1",0.0000,0.0000,0.0000,0.0000,0.0000,0.0000,0.0000,0.0000,0.0000,0.0000,0.0000,0.0000,0.0000,0.0000,0.0000,0.0000,"0",,"رئيسى",,0.0000,0.0000,1,1,0.0000,0,,,0.0000000000000000e+00,0.0000000000000000e+00,0,"1","0"
