autono,stor,kind,color,farz,unit,no_s,da_s,to,name,qu_s,pr_s,pr_sd,d,no_i,pr_sa,a,bonus,det,da_exp,da_expcode,qu_s2,mandob,pr_c,marg,da_st,serfrom,serto,duration,duration2,company,aimname,d2,prn,closed,sorttime,qu2,kindtel,exported
-486973144,"رئيسى","عام","لا","لا","دستة",1.0000000000000000e+00,"10/31/21 00:00:00","النور","معلقه ك",2.0000000000000000e+01,3.5000000000000000e+01,0.0000000000000000e+00,0.0000000000000000e+00,"1",0.0000000000000000e+00,0.0000000000000000e+00,0.0000000000000000e+00,,"01/01/00 00:00:00",1,0.0000000000000000e+00,"اسم المدير",0.0000000000000000e+00,0.0000000000000000e+00,"12/30/99 20:53:01",,,0.0000000000000000e+00,,,1,0.0000000000000000e+00,"0","0","12/30/99 20:27:21",1.0000,"مورد","0"
1965032457,"رئيسى","عام","لا","لا","دستة",1.0000000000000000e+00,"10/31/21 00:00:00","النور","معلقه ص",2.0000000000000000e+01,3.0000000000000000e+01,0.0000000000000000e+00,0.0000000000000000e+00,"1",0.0000000000000000e+00,0.0000000000000000e+00,0.0000000000000000e+00,,"01/01/00 00:00:00",1,0.0000000000000000e+00,"اسم المدير",0.0000000000000000e+00,0.0000000000000000e+00,"12/30/99 20:29:36",,,0.0000000000000000e+00,,,1,0.0000000000000000e+00,"0","0","12/30/99 20:29:36",1.0000,"مورد","0"
-276771946,"رئيسى","عام","لا","لا","كرتونة",1.0000000000000000e+00,"10/31/21 00:00:00","النور","توزيع استيل عادى",2.0000000000000000e+00,3.2400000000000000e+03,0.0000000000000000e+00,0.0000000000000000e+00,"1",0.0000000000000000e+00,0.0000000000000000e+00,0.0000000000000000e+00,,"01/01/00 00:00:00",1,0.0000000000000000e+00,"اسم المدير",0.0000000000000000e+00,0.0000000000000000e+00,"12/30/99 20:31:08",,,0.0000000000000000e+00,,,1,0.0000000000000000e+00,"0","0","12/30/99 20:31:08",1.0000,"مورد","0"
1208782175,"رئيسى","عام","لا","لا","علية",1.0000000000000000e+00,"10/31/21 00:00:00","النور","سكينه برازيلي خشب",3.0000000000000000e+00,4.2000000000000000e+01,0.0000000000000000e+00,0.0000000000000000e+00,"1",0.0000000000000000e+00,0.0000000000000000e+00,0.0000000000000000e+00,,"01/01/00 00:00:00",1,0.0000000000000000e+00,"اسم المدير",0.0000000000000000e+00,0.0000000000000000e+00,"12/30/99 20:32:45",,,0.0000000000000000e+00,,,1,0.0000000000000000e+00,"0","0","12/30/99 20:32:45",1.0000,"مورد","0"
-1376242764,"رئيسى","عام","لا","لا","علبه",1.0000000000000000e+00,"10/31/21 00:00:00","النور","سكينه 6*1 الوان",2.0000000000000000e+01,1.3500000000000000e+01,0.0000000000000000e+00,0.0000000000000000e+00,"1",0.0000000000000000e+00,0.0000000000000000e+00,0.0000000000000000e+00,,"01/01/00 00:00:00",1,0.0000000000000000e+00,"اسم المدير",0.0000000000000000e+00,0.0000000000000000e+00,"12/30/99 20:35:23",,,0.0000000000000000e+00,,,1,0.0000000000000000e+00,"0","0","12/30/99 20:35:23",1.0000,"مورد","0"
831557890,"رئيسى","عام","لا","لا","كرتونة",1.0000000000000000e+00,"10/31/21 00:00:00","النور","كرت سكينه 5*1",1.0000000000000000e+00,9.5000000000000000e+02,0.0000000000000000e+00,0.0000000000000000e+00,"1",0.0000000000000000e+00,0.0000000000000000e+00,0.0000000000000000e+00,,"01/01/00 00:00:00",1,0.0000000000000000e+00,"اسم المدير",0.0000000000000000e+00,0.0000000000000000e+00,"12/30/99 20:39:05",,,0.0000000000000000e+00,,,1,0.0000000000000000e+00,"0","0","12/30/99 20:39:05",1.0000,"مورد","0"
1328630107,"رئيسى","عام","لا","لا","دستة",1.0000000000000000e+00,"10/31/21 00:00:00","النور","مقص مفك",2.0000000000000000e+00,1.6800000000000000e+02,0.0000000000000000e+00,0.0000000000000000e+00,"1",0.0000000000000000e+00,0.0000000000000000e+00,0.0000000000000000e+00,,"01/01/00 00:00:00",1,0.0000000000000000e+00,"اسم المدير",0.0000000000000000e+00,0.0000000000000000e+00,"12/30/99 20:42:11",,,0.0000000000000000e+00,,,1,0.0000000000000000e+00,"0","0","12/30/99 20:40:55",1.0000,"مورد","0"
55682816,"رئيسى","عام","لا","لا","قطعة",1.0000000000000000e+00,"10/31/21 00:00:00","النور","هراسه توم استنلس",2.0000000000000000e+01,2.0000000000000000e+01,0.0000000000000000e+00,0.0000000000000000e+00,"1",0.0000000000000000e+00,0.0000000000000000e+00,0.0000000000000000e+00,,"01/01/00 00:00:00",1,0.0000000000000000e+00,"اسم المدير",0.0000000000000000e+00,0.0000000000000000e+00,"12/30/99 20:43:02",,,0.0000000000000000e+00,,,1,0.0000000000000000e+00,"0","0","12/30/99 20:43:02",1.0000,"مورد","0"
-1318823167,"رئيسى","عام","لا","لا","دستة",1.0000000000000000e+00,"10/31/21 00:00:00","النور","هراسه توم مقبض",1.0000000000000000e+00,1.8000000000000000e+02,0.0000000000000000e+00,0.0000000000000000e+00,"1",0.0000000000000000e+00,0.0000000000000000e+00,0.0000000000000000e+00,,"01/01/00 00:00:00",1,0.0000000000000000e+00,"اسم المدير",0.0000000000000000e+00,0.0000000000000000e+00,"12/30/99 20:45:28",,,0.0000000000000000e+00,,,1,0.0000000000000000e+00,"0","0","12/30/99 20:45:28",1.0000,"مورد","0"
-744037074,"رئيسى","عام","لا","لا","دستة",1.0000000000000000e+00,"10/31/21 00:00:00","النور","عصارة لمون",2.0000000000000000e+00,1.0800000000000000e+02,0.0000000000000000e+00,0.0000000000000000e+00,"1",0.0000000000000000e+00,0.0000000000000000e+00,0.0000000000000000e+00,,"01/01/00 00:00:00",1,0.0000000000000000e+00,"اسم المدير",0.0000000000000000e+00,0.0000000000000000e+00,"12/30/99 20:49:39",,,0.0000000000000000e+00,,,1,0.0000000000000000e+00,"0","0","12/30/99 20:46:46",1.0000,"مورد","0"
196975895,"رئيسى","عام","لا","لا","دستة",1.0000000000000000e+00,"10/31/21 00:00:00","النور","توزيع سيلكون فردى صب",3.0000000000000000e+00,1.9200000000000000e+02,0.0000000000000000e+00,0.0000000000000000e+00,"1",0.0000000000000000e+00,0.0000000000000000e+00,0.0000000000000000e+00,,"01/01/00 00:00:00",1,0.0000000000000000e+00,"اسم المدير",0.0000000000000000e+00,0.0000000000000000e+00,"12/30/99 20:50:07",,,0.0000000000000000e+00,,,1,0.0000000000000000e+00,"0","0","12/30/99 20:50:07",1.0000,"مورد","0"
2117551884,"رئيسى","عام","لا","لا","كرتونة",1.0000000000000000e+00,"10/31/21 00:00:00","النور","توزيع سيلكون عادى",1.0000000000000000e+00,2.6400000000000000e+03,0.0000000000000000e+00,0.0000000000000000e+00,"1",0.0000000000000000e+00,0.0000000000000000e+00,0.0000000000000000e+00,,"01/01/00 00:00:00",1,0.0000000000000000e+00,"اسم المدير",0.0000000000000000e+00,0.0000000000000000e+00,"12/30/99 20:51:22",,,0.0000000000000000e+00,,,1,0.0000000000000000e+00,"0","0","12/30/99 20:51:22",1.0000,"مورد","0"
1619805469,"رئيسى","عام","لا","لا","دستة",1.0000000000000000e+00,"10/31/21 00:00:00","النور","مبشره اصلى",2.0000000000000000e+00,2.3000000000000000e+02,0.0000000000000000e+00,0.0000000000000000e+00,"1",0.0000000000000000e+00,0.0000000000000000e+00,0.0000000000000000e+00,,"01/01/00 00:00:00",1,0.0000000000000000e+00,"اسم المدير",0.0000000000000000e+00,0.0000000000000000e+00,"12/30/99 20:52:08",,,0.0000000000000000e+00,,,1,0.0000000000000000e+00,"0","0","12/30/99 20:52:08",1.0000,"مورد","0"
-1728321287,"رئيسى","عام","لا","لا","كرتونة",2.0000000000000000e+00,"11/11/21 00:00:00","الرحمة","طقم كنك استيل الرحمة",1.0000000000000000e+00,1.0400000000000000e+03,0.0000000000000000e+00,0.0000000000000000e+00,"2",0.0000000000000000e+00,0.0000000000000000e+00,0.0000000000000000e+00,,"01/01/00 00:00:00",1,0.0000000000000000e+00,"اسم المدير",0.0000000000000000e+00,0.0000000000000000e+00,"12/30/99 21:27:22",,,0.0000000000000000e+00,,,1,0.0000000000000000e+00,"0","0","12/30/99 21:27:22",1.0000,"مورد","0"
-758317724,"رئيسى","عام","لا","لا","كرتونة",3.0000000000000000e+00,"11/11/21 00:00:00","الكباس","كنك جرانيت",1.0000000000000000e+00,1.1000000000000000e+03,0.0000000000000000e+00,0.0000000000000000e+00,"3",0.0000000000000000e+00,0.0000000000000000e+00,0.0000000000000000e+00,,"01/01/00 00:00:00",1,0.0000000000000000e+00,"اسم المدير",0.0000000000000000e+00,0.0000000000000000e+00,"12/30/99 21:28:08",,,0.0000000000000000e+00,,,1,0.0000000000000000e+00,"0","0","12/30/99 21:28:08",1.0000,"مورد","0"
-1632607595,"رئيسى","عام","لا","لا","كرتونة",3.0000000000000000e+00,"11/11/21 00:00:00","الكباس","غلاية الاسبانية",1.0000000000000000e+00,1.0400000000000000e+03,0.0000000000000000e+00,0.0000000000000000e+00,"3",0.0000000000000000e+00,0.0000000000000000e+00,0.0000000000000000e+00,,"01/01/00 00:00:00",1,0.0000000000000000e+00,"اسم المدير",0.0000000000000000e+00,0.0000000000000000e+00,"12/30/99 21:29:13",,,0.0000000000000000e+00,,,1,0.0000000000000000e+00,"0","0","12/30/99 21:28:55",1.0000,"مورد","0"
-693900368,"رئيسى","عام","لا","لا","قطعة",4.0000000000000000e+00,"11/11/21 00:00:00","م الخولي","صنية نحاسي",4.0000000000000000e+00,1.9000000000000000e+02,0.0000000000000000e+00,0.0000000000000000e+00,"4",0.0000000000000000e+00,0.0000000000000000e+00,0.0000000000000000e+00,,"01/01/00 00:00:00",1,0.0000000000000000e+00,"اسم المدير",0.0000000000000000e+00,0.0000000000000000e+00,"12/30/99 21:30:02",,,0.0000000000000000e+00,,,1,0.0000000000000000e+00,"0","0","12/30/99 21:30:02",1.0000,"مورد","0"
2089848305,"رئيسى","عام","لا","لا","كرتونة",4.0000000000000000e+00,"11/11/21 00:00:00","م الخولي","توزيع سيلكون الاندلس",1.0000000000000000e+00,1.1000000000000000e+03,0.0000000000000000e+00,0.0000000000000000e+00,"4",0.0000000000000000e+00,0.0000000000000000e+00,0.0000000000000000e+00,,"01/01/00 00:00:00",1,0.0000000000000000e+00,"اسم المدير",0.0000000000000000e+00,0.0000000000000000e+00,"12/30/99 21:31:30",,,0.0000000000000000e+00,,,1,0.0000000000000000e+00,"0","0","12/30/99 21:30:56",1.0000,"مورد","0"
61650620,"رئيسى","عام","لا","لا","قطعه",5.0000000000000000e+00,"11/11/21 00:00:00","الاندلس ابو النمرس","مج ديجتال الون",2.5000000000000000e+01,4.5000000000000000e+01,0.0000000000000000e+00,0.0000000000000000e+00,"5",0.0000000000000000e+00,0.0000000000000000e+00,0.0000000000000000e+00,,"01/01/00 00:00:00",1,0.0000000000000000e+00,"اسم المدير",0.0000000000000000e+00,0.0000000000000000e+00,"12/30/99 21:32:34",,,0.0000000000000000e+00,,,1,0.0000000000000000e+00,"0","0","12/30/99 21:32:34",50.0000,"مورد","0"
-729217267,"رئيسى","عام","لا","لا","قطعه",5.0000000000000000e+00,"11/11/21 00:00:00","الاندلس ابو النمرس","مج ديجتال ساده",2.5000000000000000e+01,4.4000000000000000e+01,0.0000000000000000e+00,0.0000000000000000e+00,"5",0.0000000000000000e+00,0.0000000000000000e+00,0.0000000000000000e+00,,"01/01/00 00:00:00",1,0.0000000000000000e+00,"اسم المدير",0.0000000000000000e+00,0.0000000000000000e+00,"12/30/99 21:32:49",,,0.0000000000000000e+00,,,1,0.0000000000000000e+00,"0","0","12/30/99 21:32:49",50.0000,"مورد","0"
-1163138230,"رئيسى","عام","لا","لا","دستة",5.0000000000000000e+00,"11/11/21 00:00:00","الاندلس ابو النمرس","ماسك استيل وسط",2.0000000000000000e+00,7.4000000000000000e+01,0.0000000000000000e+00,0.0000000000000000e+00,"5",0.0000000000000000e+00,0.0000000000000000e+00,0.0000000000000000e+00,,"01/01/00 00:00:00",1,0.0000000000000000e+00,"اسم المدير",0.0000000000000000e+00,0.0000000000000000e+00,"12/30/99 21:33:09",,,0.0000000000000000e+00,,,1,0.0000000000000000e+00,"0","0","12/30/99 21:33:09",1.0000,"مورد","0"
639424515,"رئيسى","عام","لا","لا","دستة",5.0000000000000000e+00,"11/11/21 00:00:00","الاندلس ابو النمرس","ماسك استيل كبير",2.0000000000000000e+00,8.3000000000000000e+01,0.0000000000000000e+00,0.0000000000000000e+00,"5",0.0000000000000000e+00,0.0000000000000000e+00,0.0000000000000000e+00,,"01/01/00 00:00:00",1,0.0000000000000000e+00,"اسم المدير",0.0000000000000000e+00,0.0000000000000000e+00,"12/30/99 21:34:36",,,0.0000000000000000e+00,,,1,0.0000000000000000e+00,"0","0","12/30/99 21:34:36",1.0000,"مورد","0"
-823874936,"رئيسى","عام","لا","لا","علبه",5.0000000000000000e+00,"11/11/21 00:00:00","الاندلس ابو النمرس","سكينة فراولة ص",2.0000000000000000e+00,1.0000000000000000e+02,0.0000000000000000e+00,0.0000000000000000e+00,"5",0.0000000000000000e+00,0.0000000000000000e+00,0.0000000000000000e+00,,"01/01/00 00:00:00",1,0.0000000000000000e+00,"اسم المدير",0.0000000000000000e+00,0.0000000000000000e+00,"12/30/99 21:34:56",,,0.0000000000000000e+00,,,1,0.0000000000000000e+00,"0","0","12/30/99 21:34:56",1.0000,"مورد","0"
-915920407,"رئيسى","عام","لا","لا","علبه",5.0000000000000000e+00,"11/11/21 00:00:00","الاندلس ابو النمرس","سكينة فراولة ك",2.0000000000000000e+00,1.1000000000000000e+02,0.0000000000000000e+00,0.0000000000000000e+00,"5",0.0000000000000000e+00,0.0000000000000000e+00,0.0000000000000000e+00,,"01/01/00 00:00:00",1,0.0000000000000000e+00,"اسم المدير",0.0000000000000000e+00,0.0000000000000000e+00,"12/30/99 21:35:20",,,0.0000000000000000e+00,,,1,0.0000000000000000e+00,"0","0","12/30/99 21:35:20",1.0000,"مورد","0"
-1439255562,"رئيسى","عام","لا","لا","دستة",5.0000000000000000e+00,"11/11/21 00:00:00","الاندلس ابو النمرس","ماسك سيلكون ك",2.0000000000000000e+00,1.5500000000000000e+02,0.0000000000000000e+00,0.0000000000000000e+00,"5",0.0000000000000000e+00,0.0000000000000000e+00,0.0000000000000000e+00,,"01/01/00 00:00:00",1,0.0000000000000000e+00,"اسم المدير",0.0000000000000000e+00,0.0000000000000000e+00,"12/30/99 21:35:42",,,0.0000000000000000e+00,,,1,0.0000000000000000e+00,"0","0","12/30/99 21:35:42",1.0000,"مورد","0"
-1060329921,"رئيسى","عام","لا","لا","قطعة",5.0000000000000000e+00,"11/11/21 00:00:00","الاندلس ابو النمرس","كارت سكينة كذلك ك",6.0000000000000000e+00,3.5000000000000000e+01,0.0000000000000000e+00,0.0000000000000000e+00,"5",0.0000000000000000e+00,0.0000000000000000e+00,0.0000000000000000e+00,,"01/01/00 00:00:00",1,0.0000000000000000e+00,"اسم المدير",0.0000000000000000e+00,0.0000000000000000e+00,"12/30/99 21:36:18",,,0.0000000000000000e+00,,,1,0.0000000000000000e+00,"0","0","12/30/99 21:36:18",1.0000,"مورد","0"
1444270868,"رئيسى","عام","لا","لا","قطعة",5.0000000000000000e+00,"11/11/21 00:00:00","الاندلس ابو النمرس","كارت سكينة كذلك ص",6.0000000000000000e+00,2.6000000000000000e+01,0.0000000000000000e+00,0.0000000000000000e+00,"5",0.0000000000000000e+00,0.0000000000000000e+00,0.0000000000000000e+00,,"01/01/00 00:00:00",1,0.0000000000000000e+00,"اسم المدير",0.0000000000000000e+00,0.0000000000000000e+00,"12/30/99 21:36:36",,,0.0000000000000000e+00,,,1,0.0000000000000000e+00,"0","0","12/30/99 21:36:36",1.0000,"مورد","0"
-905203653,"رئيسى","عام","لا","لا","كرتونة",6.0000000000000000e+00,"11/11/21 00:00:00","العربي","كارت سكينة جرانيت",2.0000000000000000e+00,7.5000000000000000e+02,0.0000000000000000e+00,0.0000000000000000e+00,"6",0.0000000000000000e+00,0.0000000000000000e+00,0.0000000000000000e+00,,"01/01/00 00:00:00",1,0.0000000000000000e+00,"اسم المدير",0.0000000000000000e+00,0.0000000000000000e+00,"12/30/99 21:37:57",,,0.0000000000000000e+00,,,1,0.0000000000000000e+00,"0","0","12/30/99 21:37:57",1.0000,"مورد","0"
740490336,"رئيسى","عام","لا","لا","قطعة",6.0000000000000000e+00,"11/11/21 00:00:00","العربي","عجانة استيل الوان ك",6.0000000000000000e+00,1.2500000000000000e+02,0.0000000000000000e+00,0.0000000000000000e+00,"6",0.0000000000000000e+00,0.0000000000000000e+00,0.0000000000000000e+00,,"01/01/00 00:00:00",1,0.0000000000000000e+00,"اسم المدير",0.0000000000000000e+00,0.0000000000000000e+00,"12/30/99 21:38:57",,,0.0000000000000000e+00,,,1,0.0000000000000000e+00,"0","0","12/30/99 21:38:57",1.0000,"مورد","0"
1759812833,"رئيسى","عام","لا","لا","قطعة",6.0000000000000000e+00,"11/11/21 00:00:00","العربي","عجانة استيل الوان ص",6.0000000000000000e+00,1.2000000000000000e+02,0.0000000000000000e+00,0.0000000000000000e+00,"6",0.0000000000000000e+00,0.0000000000000000e+00,0.0000000000000000e+00,,"01/01/00 00:00:00",1,0.0000000000000000e+00,"اسم المدير",0.0000000000000000e+00,0.0000000000000000e+00,"12/30/99 21:39:10",,,0.0000000000000000e+00,,,1,0.0000000000000000e+00,"0","0","12/30/99 21:39:10",1.0000,"مورد","0"
1751234958,"رئيسى","عام","لا","لا","علبه",6.0000000000000000e+00,"11/11/21 00:00:00","العربي","عجانة + مصفى",6.0000000000000000e+00,1.1000000000000000e+02,0.0000000000000000e+00,0.0000000000000000e+00,"6",0.0000000000000000e+00,0.0000000000000000e+00,0.0000000000000000e+00,,"01/01/00 00:00:00",1,0.0000000000000000e+00,"اسم المدير",0.0000000000000000e+00,0.0000000000000000e+00,"12/30/99 21:39:24",,,0.0000000000000000e+00,,,1,0.0000000000000000e+00,"0","0","12/30/99 21:39:24",1.0000,"مورد","0"
1130574327,"رئيسى","عام","لا","لا","دستة",6.0000000000000000e+00,"11/11/21 00:00:00","العربي","مضرب بيض",1.0000000000000000e+00,8.6000000000000000e+01,0.0000000000000000e+00,0.0000000000000000e+00,"6",0.0000000000000000e+00,0.0000000000000000e+00,0.0000000000000000e+00,,"01/01/00 00:00:00",1,0.0000000000000000e+00,"اسم المدير",0.0000000000000000e+00,0.0000000000000000e+00,"12/30/99 21:40:07",,,0.0000000000000000e+00,,,1,0.0000000000000000e+00,"0","0","12/30/99 21:40:07",1.0000,"مورد","0"
-502025620,"رئيسى","عام","لا","لا","دستة",6.0000000000000000e+00,"11/11/21 00:00:00","العربي","مضرب نسكافية",2.0000000000000000e+00,1.6400000000000000e+02,0.0000000000000000e+00,0.0000000000000000e+00,"6",0.0000000000000000e+00,0.0000000000000000e+00,0.0000000000000000e+00,,"01/01/00 00:00:00",1,0.0000000000000000e+00,"اسم المدير",0.0000000000000000e+00,0.0000000000000000e+00,"12/30/99 21:40:46",,,0.0000000000000000e+00,,,1,0.0000000000000000e+00,"0","0","12/30/99 21:40:46",1.0000,"مورد","0"
-289184515,"رئيسى","عام","لا","لا","قطعة",6.0000000000000000e+00,"11/11/21 00:00:00","العربي","كارت سكينة سيلفر",6.0000000000000000e+00,6.0000000000000000e+01,0.0000000000000000e+00,0.0000000000000000e+00,"6",0.0000000000000000e+00,0.0000000000000000e+00,0.0000000000000000e+00,,"01/01/00 00:00:00",1,0.0000000000000000e+00,"اسم المدير",0.0000000000000000e+00,0.0000000000000000e+00,"12/30/99 21:41:04",,,0.0000000000000000e+00,,,1,0.0000000000000000e+00,"0","0","12/30/99 21:41:04",1.0000,"مورد","0"
-1823207814,"رئيسى","عام","لا","لا","قطعة",6.0000000000000000e+00,"11/11/21 00:00:00","العربي","عجانة سيلفر",6.0000000000000000e+00,1.1000000000000000e+02,0.0000000000000000e+00,0.0000000000000000e+00,"6",0.0000000000000000e+00,0.0000000000000000e+00,0.0000000000000000e+00,,"01/01/00 00:00:00",1,0.0000000000000000e+00,"اسم المدير",0.0000000000000000e+00,0.0000000000000000e+00,"12/30/99 21:41:20",,,0.0000000000000000e+00,,,1,0.0000000000000000e+00,"0","0","12/30/99 21:41:20",1.0000,"مورد","0"
-1878800679,"رئيسى","عام","لا","لا","قطعة",7.0000000000000000e+00,"11/11/21 00:00:00","ماهر عرام","عجانه استيل الوان",6.0000000000000000e+00,1.4500000000000000e+02,0.0000000000000000e+00,0.0000000000000000e+00,"7",0.0000000000000000e+00,0.0000000000000000e+00,0.0000000000000000e+00,,"01/01/00 00:00:00",1,0.0000000000000000e+00,"اسم المدير",0.0000000000000000e+00,0.0000000000000000e+00,"12/30/99 21:43:30",,,0.0000000000000000e+00,,,1,0.0000000000000000e+00,"0","0","12/30/99 21:43:30",1.0000,"مورد","0"
-292492762,"رئيسى","عام","لا","لا","قطعة",7.0000000000000000e+00,"11/11/21 00:00:00","ماهر عرام","صنية استيل عشاء مقاس 50",6.0000000000000000e+00,5.5000000000000000e+01,0.0000000000000000e+00,0.0000000000000000e+00,"7",0.0000000000000000e+00,0.0000000000000000e+00,0.0000000000000000e+00,,"01/01/00 00:00:00",1,0.0000000000000000e+00,"اسم المدير",0.0000000000000000e+00,0.0000000000000000e+00,"12/30/99 21:44:15",,,0.0000000000000000e+00,,,1,0.0000000000000000e+00,"0","0","12/30/99 21:44:15",1.0000,"مورد","0"
1834437807,"رئيسى","عام","لا","لا","قطعة",7.0000000000000000e+00,"11/11/21 00:00:00","ماهر عرام","صنية تقديم ميلامين م2",6.0000000000000000e+00,4.0000000000000000e+01,0.0000000000000000e+00,0.0000000000000000e+00,"7",0.0000000000000000e+00,0.0000000000000000e+00,0.0000000000000000e+00,,"01/01/00 00:00:00",1,0.0000000000000000e+00,"اسم المدير",0.0000000000000000e+00,0.0000000000000000e+00,"12/30/99 21:44:42",,,0.0000000000000000e+00,,,1,0.0000000000000000e+00,"0","0","12/30/99 21:44:42",1.0000,"مورد","0"
-1476545340,"رئيسى","عام","لا","لا","قطعة",7.0000000000000000e+00,"11/11/21 00:00:00","ماهر عرام","صنية تقديم ميلامين م 1",6.0000000000000000e+00,2.8500000000000000e+01,0.0000000000000000e+00,0.0000000000000000e+00,"7",0.0000000000000000e+00,0.0000000000000000e+00,0.0000000000000000e+00,,"01/01/00 00:00:00",1,0.0000000000000000e+00,"اسم المدير",0.0000000000000000e+00,0.0000000000000000e+00,"12/30/99 21:45:15",,,0.0000000000000000e+00,,,1,0.0000000000000000e+00,"0","0","12/30/99 21:45:15",1.0000,"مورد","0"
-721363339,"رئيسى","عام","لا","لا","قطعة",7.0000000000000000e+00,"11/11/21 00:00:00","ماهر عرام","صنية هندي 2",6.0000000000000000e+00,7.5000000000000000e+01,0.0000000000000000e+00,0.0000000000000000e+00,"7",0.0000000000000000e+00,0.0000000000000000e+00,0.0000000000000000e+00,,"01/01/00 00:00:00",1,0.0000000000000000e+00,"اسم المدير",0.0000000000000000e+00,0.0000000000000000e+00,"12/30/99 21:45:56",,,0.0000000000000000e+00,,,1,0.0000000000000000e+00,"0","0","12/30/99 21:45:56",1.0000,"مورد","0"
1296316562,"رئيسى","عام","لا","لا","قطعة",7.0000000000000000e+00,"11/11/21 00:00:00","ماهر عرام","مج شوربة مستورد 6 ق",4.0000000000000000e+00,2.0000000000000000e+02,0.0000000000000000e+00,0.0000000000000000e+00,"7",0.0000000000000000e+00,0.0000000000000000e+00,0.0000000000000000e+00,,"01/01/00 00:00:00",1,0.0000000000000000e+00,"اسم المدير",0.0000000000000000e+00,0.0000000000000000e+00,"12/30/99 21:46:25",,,0.0000000000000000e+00,,,1,0.0000000000000000e+00,"0","0","12/30/99 21:46:25",1.0000,"مورد","0"
-1437524565,"رئيسى","عام","لا","لا","علبه",7.0000000000000000e+00,"11/11/21 00:00:00","ماهر عرام","كذالك يد خشب ك",1.0000000000000000e+00,2.4000000000000000e+02,0.0000000000000000e+00,0.0000000000000000e+00,"7",0.0000000000000000e+00,0.0000000000000000e+00,0.0000000000000000e+00,,"01/01/00 00:00:00",1,0.0000000000000000e+00,"اسم المدير",0.0000000000000000e+00,0.0000000000000000e+00,"12/30/99 21:48:42",,,0.0000000000000000e+00,,,1,0.0000000000000000e+00,"0","0","12/30/99 21:47:37",1.0000,"مورد","0"
615110928,"رئيسى","عام","لا","لا","قطعة",7.0000000000000000e+00,"11/11/21 00:00:00","ماهر عرام","ثلاجة استيل بيد سيلكون",6.0000000000000000e+00,1.1500000000000000e+02,0.0000000000000000e+00,0.0000000000000000e+00,"7",0.0000000000000000e+00,0.0000000000000000e+00,0.0000000000000000e+00,,"01/01/00 00:00:00",1,0.0000000000000000e+00,"اسم المدير",0.0000000000000000e+00,0.0000000000000000e+00,"12/30/99 21:49:15",,,0.0000000000000000e+00,,,1,0.0000000000000000e+00,"0","0","12/30/99 21:49:15",1.0000,"مورد","0"
-18905135,"رئيسى","عام","لا","لا","قطعة",7.0000000000000000e+00,"11/11/21 00:00:00","ماهر عرام","توابل 12 ق الكباس لوكس",4.0000000000000000e+00,3.2000000000000000e+02,0.0000000000000000e+00,0.0000000000000000e+00,"7",0.0000000000000000e+00,0.0000000000000000e+00,0.0000000000000000e+00,,"01/01/00 00:00:00",1,0.0000000000000000e+00,"اسم المدير",0.0000000000000000e+00,0.0000000000000000e+00,"12/30/99 21:49:51",,,0.0000000000000000e+00,,,1,0.0000000000000000e+00,"0","0","12/30/99 21:49:51",1.0000,"مورد","0"
1083221438,"رئيسى","عام","لا","لا","كرتونة",7.0000000000000000e+00,"11/11/21 00:00:00","ماهر عرام","غلاية الاسباني الوان",1.0000000000000000e+00,1.3200000000000000e+03,0.0000000000000000e+00,0.0000000000000000e+00,"7",0.0000000000000000e+00,0.0000000000000000e+00,0.0000000000000000e+00,,"01/01/00 00:00:00",1,0.0000000000000000e+00,"اسم المدير",0.0000000000000000e+00,0.0000000000000000e+00,"12/30/99 21:50:14",,,0.0000000000000000e+00,,,1,0.0000000000000000e+00,"0","0","12/30/99 21:50:14",1.0000,"مورد","0"
-2016029081,"رئيسى","عام","لا","لا","علبه",7.0000000000000000e+00,"11/11/21 00:00:00","ماهر عرام","كذالك يد خشب ص",1.0000000000000000e+00,2.1600000000000000e+02,0.0000000000000000e+00,0.0000000000000000e+00,"7",0.0000000000000000e+00,0.0000000000000000e+00,0.0000000000000000e+00,,"01/01/00 00:00:00",1,0.0000000000000000e+00,"اسم المدير",0.0000000000000000e+00,0.0000000000000000e+00,"12/30/99 21:52:12",,,0.0000000000000000e+00,,,1,0.0000000000000000e+00,"0","0","12/30/99 21:52:12",1.0000,"مورد","0"
-123580980,"رئيسى","عام","لا","لا","قطعة",8.0000000000000000e+00,"11/11/21 00:00:00","الحداد","شنطة ملاعق بفاري 84 ق",5.0000000000000000e+00,1.0000000000000000e+03,0.0000000000000000e+00,0.0000000000000000e+00,"8",0.0000000000000000e+00,0.0000000000000000e+00,0.0000000000000000e+00,,"01/01/00 00:00:00",1,0.0000000000000000e+00,"اسم المدير",0.0000000000000000e+00,0.0000000000000000e+00,"12/30/99 22:19:19",,,0.0000000000000000e+00,,,1,0.0000000000000000e+00,"0","0","12/30/99 22:17:02",1.0000,"مورد","0"
-43191075,"رئيسى","عام","لا","لا","كرتونة",8.0000000000000000e+00,"11/11/21 00:00:00","الحداد","صنية الحداد 2 ق",2.0000000000000000e+00,2.6000000000000000e+03,0.0000000000000000e+00,0.0000000000000000e+00,"8",0.0000000000000000e+00,0.0000000000000000e+00,0.0000000000000000e+00,,"01/01/00 00:00:00",1,0.0000000000000000e+00,"اسم المدير",0.0000000000000000e+00,0.0000000000000000e+00,"12/30/99 22:19:39",,,0.0000000000000000e+00,,,1,0.0000000000000000e+00,"0","0","12/30/99 22:19:39",1.0000,"مورد","0"
375757018,"رئيسى","عام","لا","لا","قطعة",8.0000000000000000e+00,"11/11/21 00:00:00","الحداد","مج شوربة جرانيت",4.0000000000000000e+00,1.6500000000000000e+02,0.0000000000000000e+00,0.0000000000000000e+00,"8",0.0000000000000000e+00,0.0000000000000000e+00,0.0000000000000000e+00,,"01/01/00 00:00:00",1,0.0000000000000000e+00,"اسم المدير",0.0000000000000000e+00,0.0000000000000000e+00,"12/30/99 22:20:06",,,0.0000000000000000e+00,,,1,0.0000000000000000e+00,"0","0","12/30/99 22:20:06",1.0000,"مورد","0"
-1414546861,"رئيسى","عام","لا","لا","كرتونة",8.0000000000000000e+00,"11/11/21 00:00:00","الحداد","بورسر طقم عشاء فوليا 30 ق ديجتال",4.0000000000000000e+00,1.0550000000000000e+03,0.0000000000000000e+00,0.0000000000000000e+00,"8",0.0000000000000000e+00,0.0000000000000000e+00,0.0000000000000000e+00,,"01/01/00 00:00:00",1,0.0000000000000000e+00,"اسم المدير",0.0000000000000000e+00,0.0000000000000000e+00,"12/30/99 22:20:37",,,0.0000000000000000e+00,,,1,0.0000000000000000e+00,"0","0","12/30/99 22:20:37",1.0000,"مورد","0"
1158304408,"رئيسى","عام","لا","لا","طقم",8.0000000000000000e+00,"11/11/21 00:00:00","الحداد","بابيلا طقم كنك جرانيت الحداد",4.0000000000000000e+00,2.0000000000000000e+02,0.0000000000000000e+00,0.0000000000000000e+00,"8",0.0000000000000000e+00,0.0000000000000000e+00,0.0000000000000000e+00,,"01/01/00 00:00:00",1,0.0000000000000000e+00,"اسم المدير",0.0000000000000000e+00,0.0000000000000000e+00,"12/30/99 22:21:44",,,0.0000000000000000e+00,,,1,0.0000000000000000e+00,"0","0","12/30/99 22:21:44",1.0000,"مورد","0"
386208953,"رئيسى","عام","لا","لا","قطعة",8.0000000000000000e+00,"11/11/21 00:00:00","الحداد","بابيلا حله تحمير جرانيت 24",6.0000000000000000e+00,3.0000000000000000e+02,0.0000000000000000e+00,0.0000000000000000e+00,"8",0.0000000000000000e+00,0.0000000000000000e+00,0.0000000000000000e+00,,"01/01/00 00:00:00",1,0.0000000000000000e+00,"اسم المدير",0.0000000000000000e+00,0.0000000000000000e+00,"12/30/99 22:22:03",,,0.0000000000000000e+00,,,1,0.0000000000000000e+00,"0","0","12/30/99 22:22:03",1.0000,"مورد","0"
-305997178,"رئيسى","عام","لا","لا","طقم",8.0000000000000000e+00,"11/11/21 00:00:00","الحداد","فيفالدي طقم حله استيل 30 -18",4.0000000000000000e+00,1.5750000000000000e+03,0.0000000000000000e+00,0.0000000000000000e+00,"8",0.0000000000000000e+00,0.0000000000000000e+00,0.0000000000000000e+00,,"01/01/00 00:00:00",1,0.0000000000000000e+00,"اسم المدير",0.0000000000000000e+00,0.0000000000000000e+00,"12/30/99 22:22:29",,,0.0000000000000000e+00,,,1,0.0000000000000000e+00,"0","0","12/30/99 22:22:29",1.0000,"مورد","0"
1595198863,"رئيسى","عام","لا","لا","طقم",8.0000000000000000e+00,"11/11/21 00:00:00","الحداد","ايكوتن طقم حله استيل بومبيه",2.0000000000000000e+00,1.5500000000000000e+03,0.0000000000000000e+00,0.0000000000000000e+00,"8",0.0000000000000000e+00,0.0000000000000000e+00,0.0000000000000000e+00,,"01/01/00 00:00:00",1,0.0000000000000000e+00,"اسم المدير",0.0000000000000000e+00,0.0000000000000000e+00,"12/30/99 22:22:58",,,0.0000000000000000e+00,,,1,0.0000000000000000e+00,"0","0","12/30/99 22:22:58",1.0000,"مورد","0"
1075223588,"رئيسى","عام","لا","لا","طقم",8.0000000000000000e+00,"11/11/21 00:00:00","الحداد","ايكوتن طقم حله استانلس فوليا",2.0000000000000000e+00,1.4500000000000000e+03,0.0000000000000000e+00,0.0000000000000000e+00,"8",0.0000000000000000e+00,0.0000000000000000e+00,0.0000000000000000e+00,,"01/01/00 00:00:00",1,0.0000000000000000e+00,"اسم المدير",0.0000000000000000e+00,0.0000000000000000e+00,"12/30/99 22:23:16",,,0.0000000000000000e+00,,,1,0.0000000000000000e+00,"0","0","12/30/99 22:23:16",1.0000,"مورد","0"
1636752282,"رئيسى","عام","لا","لا","طقم",9.0000000000000000e+00,"11/12/21 00:00:00","الحداد","توزيع استيل الحداد عادى",6.0000000000000000e+00,2.8250000000000000e+02,0.0000000000000000e+00,0.0000000000000000e+00,"9",0.0000000000000000e+00,0.0000000000000000e+00,0.0000000000000000e+00,,"01/01/00 00:00:00",1,0.0000000000000000e+00,"اسم المدير",0.0000000000000000e+00,0.0000000000000000e+00,"12/30/99 13:24:42",,,0.0000000000000000e+00,,,1,0.0000000000000000e+00,"0","0","12/30/99 13:24:42",1.0000,"مورد","0"
-471271917,"رئيسى","عام","لا","لا","طقم",9.0000000000000000e+00,"11/12/21 00:00:00","الحداد","توزيع استيل الحداد عادى دهبى",6.0000000000000000e+00,2.4750000000000000e+02,0.0000000000000000e+00,0.0000000000000000e+00,"9",0.0000000000000000e+00,0.0000000000000000e+00,0.0000000000000000e+00,,"01/01/00 00:00:00",1,0.0000000000000000e+00,"اسم المدير",0.0000000000000000e+00,0.0000000000000000e+00,"12/30/99 13:25:52",,,0.0000000000000000e+00,,,1,0.0000000000000000e+00,"0","0","12/30/99 13:25:52",1.0000,"مورد","0"
1444394617,"رئيسى","عام","لا","لا","طقم",9.0000000000000000e+00,"11/12/21 00:00:00","الحداد","توزيع استيل الحداد لوكس",6.0000000000000000e+00,5.6500000000000000e+02,0.0000000000000000e+00,0.0000000000000000e+00,"9",0.0000000000000000e+00,0.0000000000000000e+00,0.0000000000000000e+00,,"01/01/00 00:00:00",1,0.0000000000000000e+00,"اسم المدير",0.0000000000000000e+00,0.0000000000000000e+00,"12/30/99 13:33:03",,,0.0000000000000000e+00,,,1,0.0000000000000000e+00,"0","0","12/30/99 13:33:03",1.0000,"مورد","0"
1901840710,"رئيسى","عام","لا","لا","طقم",9.0000000000000000e+00,"11/12/21 00:00:00","الحداد","توزيع استيل الحداد سوبر لوكس دهبى",6.0000000000000000e+00,5.9500000000000000e+02,0.0000000000000000e+00,0.0000000000000000e+00,"9",0.0000000000000000e+00,0.0000000000000000e+00,0.0000000000000000e+00,,"01/01/00 00:00:00",1,0.0000000000000000e+00,"اسم المدير",0.0000000000000000e+00,0.0000000000000000e+00,"12/30/99 13:36:25",,,0.0000000000000000e+00,,,1,0.0000000000000000e+00,"0","0","12/30/99 13:35:37",1.0000,"مورد","0"
-680049329,"رئيسى","عام","لا","لا","طقم",9.0000000000000000e+00,"11/12/21 00:00:00","الحداد","توزيع استيل الحداد اسود",2.0000000000000000e+00,6.8500000000000000e+02,0.0000000000000000e+00,0.0000000000000000e+00,"9",0.0000000000000000e+00,0.0000000000000000e+00,0.0000000000000000e+00,,"01/01/00 00:00:00",1,0.0000000000000000e+00,"اسم المدير",0.0000000000000000e+00,0.0000000000000000e+00,"12/30/99 13:37:19",,,0.0000000000000000e+00,,,1,0.0000000000000000e+00,"0","0","12/30/99 13:37:19",1.0000,"مورد","0"
284960996,"رئيسى","عام","لا","لا","طقم",9.0000000000000000e+00,"11/12/21 00:00:00","الحداد","توزيع استيل الحداد دهبى دهبى",4.0000000000000000e+00,6.8000000000000000e+02,0.0000000000000000e+00,0.0000000000000000e+00,"9",0.0000000000000000e+00,0.0000000000000000e+00,0.0000000000000000e+00,,"01/01/00 00:00:00",1,0.0000000000000000e+00,"اسم المدير",0.0000000000000000e+00,0.0000000000000000e+00,"12/30/99 13:39:15",,,0.0000000000000000e+00,,,1,0.0000000000000000e+00,"0","0","12/30/99 13:39:15",1.0000,"مورد","0"
1309673493,"رئيسى","عام","لا","لا","طقم",9.0000000000000000e+00,"11/12/21 00:00:00","الحداد","ارشا 30 ق",1.6000000000000000e+01,6.0000000000000000e+02,0.0000000000000000e+00,0.0000000000000000e+00,"9",0.0000000000000000e+00,0.0000000000000000e+00,0.0000000000000000e+00,,"01/01/00 00:00:00",1,0.0000000000000000e+00,"اسم المدير",0.0000000000000000e+00,0.0000000000000000e+00,"12/30/99 13:40:27",,,0.0000000000000000e+00,,,1,0.0000000000000000e+00,"0","0","12/30/99 13:40:27",1.0000,"مورد","0"
2085898674,"رئيسى","عام","لا","لا","شنطه",9.0000000000000000e+00,"11/12/21 00:00:00","الحداد","شنطة ملاعق ارشا 24",4.0000000000000000e+00,6.3000000000000000e+02,0.0000000000000000e+00,0.0000000000000000e+00,"9",0.0000000000000000e+00,0.0000000000000000e+00,0.0000000000000000e+00,,"01/01/00 00:00:00",1,0.0000000000000000e+00,"اسم المدير",0.0000000000000000e+00,0.0000000000000000e+00,"12/30/99 13:40:58",,,0.0000000000000000e+00,,,1,0.0000000000000000e+00,"0","0","12/30/99 13:40:58",1.0000,"مورد","0"
126279755,"رئيسى","عام","لا","لا","علبه",9.0000000000000000e+00,"11/12/21 00:00:00","الحداد","سكينه ارشا الحداد",2.0000000000000000e+00,6.1000000000000000e+02,0.0000000000000000e+00,0.0000000000000000e+00,"9",0.0000000000000000e+00,0.0000000000000000e+00,0.0000000000000000e+00,,"01/01/00 00:00:00",1,0.0000000000000000e+00,"اسم المدير",0.0000000000000000e+00,0.0000000000000000e+00,"12/30/99 13:41:35",,,0.0000000000000000e+00,,,1,0.0000000000000000e+00,"0","0","12/30/99 13:41:35",1.0000,"مورد","0"
1543032624,"رئيسى","عام","لا","لا","قطعة",9.0000000000000000e+00,"11/12/21 00:00:00","الحداد","شنطة ملاعق بفاري 84 ق",3.0000000000000000e+00,1.0000000000000000e+03,0.0000000000000000e+00,0.0000000000000000e+00,"9",0.0000000000000000e+00,0.0000000000000000e+00,0.0000000000000000e+00,,"01/01/00 00:00:00",1,0.0000000000000000e+00,"اسم المدير",0.0000000000000000e+00,0.0000000000000000e+00,"12/30/99 13:42:16",,,0.0000000000000000e+00,,,1,0.0000000000000000e+00,"0","0","12/30/99 13:42:16",1.0000,"مورد","0"
-1864266895,"رئيسى","عام","لا","لا","شنطه",9.0000000000000000e+00,"11/12/21 00:00:00","الحداد","شنطة ملاعق 86 ارشا لوكس",5.0000000000000000e+00,1.8650000000000000e+03,0.0000000000000000e+00,0.0000000000000000e+00,"9",0.0000000000000000e+00,0.0000000000000000e+00,0.0000000000000000e+00,,"01/01/00 00:00:00",1,0.0000000000000000e+00,"اسم المدير",0.0000000000000000e+00,0.0000000000000000e+00,"12/30/99 13:43:11",,,0.0000000000000000e+00,,,1,0.0000000000000000e+00,"0","0","12/30/99 13:43:11",1.0000,"مورد","0"
-2110977826,"رئيسى","عام","لا","لا","كرتونة",9.0000000000000000e+00,"11/12/21 00:00:00","الحداد","صنية الحداد 2 ق",1.0000000000000000e+00,2.6000000000000000e+03,0.0000000000000000e+00,0.0000000000000000e+00,"9",0.0000000000000000e+00,0.0000000000000000e+00,0.0000000000000000e+00,,"01/01/00 00:00:00",1,0.0000000000000000e+00,"اسم المدير",0.0000000000000000e+00,0.0000000000000000e+00,"12/30/99 13:45:24",,,0.0000000000000000e+00,,,1,0.0000000000000000e+00,"0","0","12/30/99 13:45:24",1.0000,"مورد","0"
-1184759033,"رئيسى","عام","لا","لا","طقم",9.0000000000000000e+00,"11/12/21 00:00:00","الحداد","طقم صنيه استيل ارشا",2.0000000000000000e+00,5.6000000000000000e+02,0.0000000000000000e+00,0.0000000000000000e+00,"9",0.0000000000000000e+00,0.0000000000000000e+00,0.0000000000000000e+00,,"01/01/00 00:00:00",1,0.0000000000000000e+00,"اسم المدير",0.0000000000000000e+00,0.0000000000000000e+00,"12/30/99 13:46:03",,,0.0000000000000000e+00,,,1,0.0000000000000000e+00,"0","0","12/30/99 13:46:03",1.0000,"مورد","0"
-2085432772,"رئيسى","عام","لا","لا","طقم",9.0000000000000000e+00,"11/12/21 00:00:00","الحداد","بابيلا طقم صوانى فرن تيفال 3 ق",3.0000000000000000e+00,3.5000000000000000e+02,0.0000000000000000e+00,0.0000000000000000e+00,"9",0.0000000000000000e+00,0.0000000000000000e+00,0.0000000000000000e+00,,"01/01/00 00:00:00",1,0.0000000000000000e+00,"اسم المدير",0.0000000000000000e+00,0.0000000000000000e+00,"12/30/99 13:46:36",,,0.0000000000000000e+00,,,1,0.0000000000000000e+00,"0","0","12/30/99 13:46:36",1.0000,"مورد","0"
844160141,"رئيسى","عام","لا","لا","طقم",9.0000000000000000e+00,"11/12/21 00:00:00","الحداد","فيفالدى طقم كنك ساده",8.0000000000000000e+00,1.8500000000000000e+02,0.0000000000000000e+00,0.0000000000000000e+00,"9",0.0000000000000000e+00,0.0000000000000000e+00,0.0000000000000000e+00,,"01/01/00 00:00:00",1,0.0000000000000000e+00,"اسم المدير",0.0000000000000000e+00,0.0000000000000000e+00,"12/30/99 13:48:00",,,0.0000000000000000e+00,,,1,0.0000000000000000e+00,"0","0","12/30/99 13:48:00",1.0000,"مورد","0"
-1600294198,"رئيسى","عام","لا","لا","طقم",9.0000000000000000e+00,"11/12/21 00:00:00","الحداد","فيفالدى طقم كنك استيل بيد الوان",4.0000000000000000e+00,1.8500000000000000e+02,0.0000000000000000e+00,0.0000000000000000e+00,"9",0.0000000000000000e+00,0.0000000000000000e+00,0.0000000000000000e+00,,"01/01/00 00:00:00",1,0.0000000000000000e+00,"اسم المدير",0.0000000000000000e+00,0.0000000000000000e+00,"12/30/99 13:48:27",,,0.0000000000000000e+00,,,1,0.0000000000000000e+00,"0","0","12/30/99 13:48:27",1.0000,"مورد","0"
-246503037,"رئيسى","عام","لا","لا","طقم",9.0000000000000000e+00,"11/12/21 00:00:00","الحداد","فيفالدى طقم كنك استيل بيد خشب",4.0000000000000000e+00,1.7000000000000000e+02,0.0000000000000000e+00,0.0000000000000000e+00,"9",0.0000000000000000e+00,0.0000000000000000e+00,0.0000000000000000e+00,,"01/01/00 00:00:00",1,0.0000000000000000e+00,"اسم المدير",0.0000000000000000e+00,0.0000000000000000e+00,"12/30/99 13:48:51",,,0.0000000000000000e+00,,,1,0.0000000000000000e+00,"0","0","12/30/99 13:48:51",1.0000,"مورد","0"
685735432,"رئيسى","عام","لا","لا","طقم",9.0000000000000000e+00,"11/12/21 00:00:00","الحداد","فيفالدى حله استيل كراتوس 28-18",2.0000000000000000e+00,1.3500000000000000e+03,0.0000000000000000e+00,0.0000000000000000e+00,"9",0.0000000000000000e+00,0.0000000000000000e+00,0.0000000000000000e+00,,"01/01/00 00:00:00",1,0.0000000000000000e+00,"اسم المدير",0.0000000000000000e+00,0.0000000000000000e+00,"12/30/99 13:49:19",,,0.0000000000000000e+00,,,1,0.0000000000000000e+00,"0","0","12/30/99 13:49:19",1.0000,"مورد","0"
1417959273,"رئيسى","عام","لا","لا","طقم",9.0000000000000000e+00,"11/12/21 00:00:00","الحداد","فيفالدي طقم حله استيل 30 -18",3.0000000000000000e+00,1.5750000000000000e+03,0.0000000000000000e+00,0.0000000000000000e+00,"9",0.0000000000000000e+00,0.0000000000000000e+00,0.0000000000000000e+00,,"01/01/00 00:00:00",1,0.0000000000000000e+00,"اسم المدير",0.0000000000000000e+00,0.0000000000000000e+00,"12/30/99 14:12:48",,,0.0000000000000000e+00,,,1,0.0000000000000000e+00,"0","0","12/30/99 13:50:26",1.0000,"مورد","0"
1326166902,"رئيسى","عام","لا","لا","قطعة",9.0000000000000000e+00,"11/12/21 00:00:00","الحداد","مقلايه جرانيت بابيلا 22",6.0000000000000000e+00,1.2000000000000000e+02,0.0000000000000000e+00,0.0000000000000000e+00,"9",0.0000000000000000e+00,0.0000000000000000e+00,0.0000000000000000e+00,,"01/01/00 00:00:00",1,0.0000000000000000e+00,"اسم المدير",0.0000000000000000e+00,0.0000000000000000e+00,"12/30/99 13:50:49",,,0.0000000000000000e+00,,,1,0.0000000000000000e+00,"0","0","12/30/99 13:50:49",1.0000,"مورد","0"
2009763775,"رئيسى","عام","لا","لا","قطعة",9.0000000000000000e+00,"11/12/21 00:00:00","الحداد","مقلايه جرانيت بابيلا 24",6.0000000000000000e+00,1.4000000000000000e+02,0.0000000000000000e+00,0.0000000000000000e+00,"9",0.0000000000000000e+00,0.0000000000000000e+00,0.0000000000000000e+00,,"01/01/00 00:00:00",1,0.0000000000000000e+00,"اسم المدير",0.0000000000000000e+00,0.0000000000000000e+00,"12/30/99 13:51:10",,,0.0000000000000000e+00,,,1,0.0000000000000000e+00,"0","0","12/30/99 13:51:10",1.0000,"مورد","0"
-2139038060,"رئيسى","عام","لا","لا","قطعة",9.0000000000000000e+00,"11/12/21 00:00:00","الحداد","مقلايه جرانيت بابيلا 26",6.0000000000000000e+00,1.6500000000000000e+02,0.0000000000000000e+00,0.0000000000000000e+00,"9",0.0000000000000000e+00,0.0000000000000000e+00,0.0000000000000000e+00,,"01/01/00 00:00:00",1,0.0000000000000000e+00,"اسم المدير",0.0000000000000000e+00,0.0000000000000000e+00,"12/30/99 13:51:58",,,0.0000000000000000e+00,,,1,0.0000000000000000e+00,"0","0","12/30/99 13:51:58",1.0000,"مورد","0"
530585605,"رئيسى","عام","لا","لا","قطعة",9.0000000000000000e+00,"11/12/21 00:00:00","الحداد","مقلايه ووك جرانيت 28",6.0000000000000000e+00,1.9500000000000000e+02,0.0000000000000000e+00,0.0000000000000000e+00,"9",0.0000000000000000e+00,0.0000000000000000e+00,0.0000000000000000e+00,,"01/01/00 00:00:00",1,0.0000000000000000e+00,"اسم المدير",0.0000000000000000e+00,0.0000000000000000e+00,"12/30/99 13:53:05",,,0.0000000000000000e+00,,,1,0.0000000000000000e+00,"0","0","12/30/99 13:53:05",1.0000,"مورد","0"
217626338,"رئيسى","عام","لا","لا","قطعة",9.0000000000000000e+00,"11/12/21 00:00:00","الحداد","بابيلا طاجن جرانيت 2 ق",2.0000000000000000e+00,4.0500000000000000e+02,0.0000000000000000e+00,0.0000000000000000e+00,"9",0.0000000000000000e+00,0.0000000000000000e+00,0.0000000000000000e+00,,"01/01/00 00:00:00",1,0.0000000000000000e+00,"اسم المدير",0.0000000000000000e+00,0.0000000000000000e+00,"12/30/99 13:53:40",,,0.0000000000000000e+00,,,1,0.0000000000000000e+00,"0","0","12/30/99 13:53:40",1.0000,"مورد","0"
-1970851397,"رئيسى","عام","لا","لا","قطعة",9.0000000000000000e+00,"11/12/21 00:00:00","الحداد","فيفالدى طقم استيل انكا 11 ق",1.0000000000000000e+00,2.0500000000000000e+03,0.0000000000000000e+00,0.0000000000000000e+00,"9",0.0000000000000000e+00,0.0000000000000000e+00,0.0000000000000000e+00,,"01/01/00 00:00:00",1,0.0000000000000000e+00,"اسم المدير",0.0000000000000000e+00,0.0000000000000000e+00,"12/30/99 13:53:59",,,0.0000000000000000e+00,,,1,0.0000000000000000e+00,"0","0","12/30/99 13:53:59",1.0000,"مورد","0"
-1352790620,"رئيسى","عام","لا","لا","كرتونة",1.1000000000000000e+01,"11/12/21 00:00:00","محمد مجدى","حافظ طعام خشبى",1.0000000000000000e+00,1.0200000000000000e+03,0.0000000000000000e+00,0.0000000000000000e+00,"10",0.0000000000000000e+00,0.0000000000000000e+00,0.0000000000000000e+00,,"01/01/00 00:00:00",1,0.0000000000000000e+00,"اسم المدير",0.0000000000000000e+00,0.0000000000000000e+00,"12/30/99 21:46:36",,,0.0000000000000000e+00,,,1,0.0000000000000000e+00,"0","0","12/30/99 21:46:19",1.0000,"مورد","0"
1782143451,"رئيسى","عام","لا","لا","قطعة",1.2000000000000000e+01,"11/18/21 00:00:00","ماهر عرام","عجانه استيل مقاس 45",4.0000000000000000e+00,7.5000000000000000e+01,0.0000000000000000e+00,0.0000000000000000e+00,"11",0.0000000000000000e+00,0.0000000000000000e+00,0.0000000000000000e+00,,"01/01/00 00:00:00",1,0.0000000000000000e+00,"اسم المدير",0.0000000000000000e+00,0.0000000000000000e+00,"12/30/99 19:16:50",,,0.0000000000000000e+00,,,1,0.0000000000000000e+00,"0","0","12/30/99 19:16:50",1.0000,"مورد","0"
-1567650432,"رئيسى","عام","لا","لا","قطعة",1.2000000000000000e+01,"11/18/21 00:00:00","ماهر عرام","عجانه استيل مقاس 50",4.0000000000000000e+00,8.5000000000000000e+01,0.0000000000000000e+00,0.0000000000000000e+00,"11",0.0000000000000000e+00,0.0000000000000000e+00,0.0000000000000000e+00,,"01/01/00 00:00:00",1,0.0000000000000000e+00,"اسم المدير",0.0000000000000000e+00,0.0000000000000000e+00,"12/30/99 19:17:10",,,0.0000000000000000e+00,,,1,0.0000000000000000e+00,"0","0","12/30/99 19:17:10",1.0000,"مورد","0"
1818025857,"رئيسى","عام","لا","لا","قطعة",1.2000000000000000e+01,"11/18/21 00:00:00","ماهر عرام","عجانه استيل مقاس 55",4.0000000000000000e+00,1.6500000000000000e+02,0.0000000000000000e+00,0.0000000000000000e+00,"11",0.0000000000000000e+00,0.0000000000000000e+00,0.0000000000000000e+00,,"01/01/00 00:00:00",1,0.0000000000000000e+00,"اسم المدير",0.0000000000000000e+00,0.0000000000000000e+00,"12/30/99 19:18:02",,,0.0000000000000000e+00,,,1,0.0000000000000000e+00,"0","0","12/30/99 19:18:02",1.0000,"مورد","0"
-1738461266,"رئيسى","عام","لا","لا","قطعة",1.2000000000000000e+01,"11/18/21 00:00:00","ماهر عرام","ترمس شاى",2.0000000000000000e+00,1.2500000000000000e+02,0.0000000000000000e+00,0.0000000000000000e+00,"11",0.0000000000000000e+00,0.0000000000000000e+00,0.0000000000000000e+00,,"01/01/00 00:00:00",1,0.0000000000000000e+00,"اسم المدير",0.0000000000000000e+00,0.0000000000000000e+00,"12/30/99 19:18:49",,,0.0000000000000000e+00,,,1,0.0000000000000000e+00,"0","0","12/30/99 19:18:49",1.0000,"مورد","0"
-36399732,"رئيسى","عام","لا","لا","قطعة",1.3000000000000000e+01,"11/18/21 00:00:00","الكباس","سكينه الكباس",6.0000000000000000e+00,2.3000000000000000e+02,0.0000000000000000e+00,0.0000000000000000e+00,"12",0.0000000000000000e+00,0.0000000000000000e+00,0.0000000000000000e+00,,"01/01/00 00:00:00",1,0.0000000000000000e+00,"اسم المدير",0.0000000000000000e+00,0.0000000000000000e+00,"12/30/99 19:29:08",,,0.0000000000000000e+00,,,1,0.0000000000000000e+00,"0","0","12/30/99 19:29:08",1.0000,"مورد","0"
1638137846,"رئيسى","عام","لا","لا","قطعة",1.4000000000000000e+01,"11/28/21 00:00:00","م الخولي","صنية نحاسي",3.0000000000000000e+00,1.9000000000000000e+02,0.0000000000000000e+00,0.0000000000000000e+00,"13",0.0000000000000000e+00,0.0000000000000000e+00,0.0000000000000000e+00,,"01/01/00 00:00:00",1,0.0000000000000000e+00,"اسم المدير",0.0000000000000000e+00,0.0000000000000000e+00,"12/30/99 14:17:26",,,0.0000000000000000e+00,,,1,0.0000000000000000e+00,"0","0","12/30/99 14:17:26",1.0000,"مورد","0"
1083922056,"رئيسى","عام","لا","لا","قطعة",1.5000000000000000e+01,"12/08/21 00:00:00","رضا زكريا","صنيه استيل 2ق",2.0000000000000000e+00,2.2000000000000000e+02,0.0000000000000000e+00,0.0000000000000000e+00,"14",0.0000000000000000e+00,0.0000000000000000e+00,0.0000000000000000e+00,,"01/01/00 00:00:00",1,0.0000000000000000e+00,"اسم المدير",0.0000000000000000e+00,0.0000000000000000e+00,"12/30/99 16:17:19",,,0.0000000000000000e+00,,,1,0.0000000000000000e+00,"0","0","12/30/99 16:17:19",1.0000,"مورد","0"
-391525972,"رئيسى","عام","لا","لا","قطعة",1.6000000000000000e+01,"12/11/21 00:00:00","عماره","مج كافيه 6*1ع حامل 6ق",2.0000000000000000e+00,1.5000000000000000e+02,0.0000000000000000e+00,0.0000000000000000e+00,"15",0.0000000000000000e+00,0.0000000000000000e+00,0.0000000000000000e+00,,"01/01/00 00:00:00",1,0.0000000000000000e+00,"اسم المدير",0.0000000000000000e+00,0.0000000000000000e+00,"12/30/99 19:36:23",,,0.0000000000000000e+00,,,1,0.0000000000000000e+00,"0","0","12/30/99 19:36:23",1.0000,"مورد","0"
-2146895043,"رئيسى","عام","لا","لا","قطعة",1.6000000000000000e+01,"12/11/21 00:00:00","عماره","مج شوربة 4*1ع حامل 4ق",2.0000000000000000e+00,1.5500000000000000e+02,0.0000000000000000e+00,0.0000000000000000e+00,"15",0.0000000000000000e+00,0.0000000000000000e+00,0.0000000000000000e+00,,"01/01/00 00:00:00",1,0.0000000000000000e+00,"اسم المدير",0.0000000000000000e+00,0.0000000000000000e+00,"12/30/99 19:36:42",,,0.0000000000000000e+00,,,1,0.0000000000000000e+00,"0","0","12/30/99 19:36:42",1.0000,"مورد","0"
-388454477,"رئيسى","عام","لا","لا","قطعه",1.7000000000000000e+01,"12/11/21 00:00:00","محمد مجدى","صنيه استيل عادى",6.0000000000000000e+00,2.1500000000000000e+02,0.0000000000000000e+00,0.0000000000000000e+00,"16",0.0000000000000000e+00,0.0000000000000000e+00,0.0000000000000000e+00,,"01/01/00 00:00:00",1,0.0000000000000000e+00,"اسم المدير",0.0000000000000000e+00,0.0000000000000000e+00,"12/30/99 17:45:08",,,0.0000000000000000e+00,,,1,0.0000000000000000e+00,"0","0","12/30/99 19:40:43",6.0000,"مورد","0"
-1702030569,"رئيسى","عام","لا","لا","كرتونة",1.7000000000000000e+01,"12/11/21 00:00:00","محمد مجدى","حافظ طعام خشبى",1.0000000000000000e+00,1.0200000000000000e+03,0.0000000000000000e+00,0.0000000000000000e+00,"16",0.0000000000000000e+00,0.0000000000000000e+00,0.0000000000000000e+00,,"01/01/00 00:00:00",1,0.0000000000000000e+00,"اسم المدير",0.0000000000000000e+00,0.0000000000000000e+00,"12/30/99 20:11:54",,,0.0000000000000000e+00,,,1,0.0000000000000000e+00,"0","0","12/30/99 19:57:25",1.0000,"مورد","0"
1200473998,"رئيسى","عام","لا","لا","طقم",1.8000000000000000e+01,"12/10/21 00:00:00","الحداد","بابيلا حله جرانيت 12 قطعة",5.0000000000000000e+00,1.5500000000000000e+03,0.0000000000000000e+00,0.0000000000000000e+00,"17",0.0000000000000000e+00,0.0000000000000000e+00,0.0000000000000000e+00,,"01/01/00 00:00:00",1,0.0000000000000000e+00,"اسم المدير",0.0000000000000000e+00,0.0000000000000000e+00,"12/30/99 20:46:40",,,0.0000000000000000e+00,,,1,0.0000000000000000e+00,"0","0","12/30/99 20:46:40",1.0000,"مورد","0"
-1833588745,"رئيسى","عام","لا","لا","قطعة",1.8000000000000000e+01,"12/10/21 00:00:00","الحداد","فيفالدى طقم استيل انكا 11 ق احمر",1.0000000000000000e+00,2.0500000000000000e+03,0.0000000000000000e+00,0.0000000000000000e+00,"17",0.0000000000000000e+00,0.0000000000000000e+00,0.0000000000000000e+00,,"01/01/00 00:00:00",1,0.0000000000000000e+00,"اسم المدير",0.0000000000000000e+00,0.0000000000000000e+00,"12/30/99 20:47:12",,,0.0000000000000000e+00,,,1,0.0000000000000000e+00,"0","0","12/30/99 20:47:12",1.0000,"مورد","0"
1771466860,"رئيسى","عام","لا","لا","قطعة",1.8000000000000000e+01,"12/10/21 00:00:00","الحداد","فيفالدى طقم استيل انكا 11 ق ذهبي",2.0000000000000000e+00,2.1650000000000000e+03,0.0000000000000000e+00,0.0000000000000000e+00,"17",0.0000000000000000e+00,0.0000000000000000e+00,0.0000000000000000e+00,,"01/01/00 00:00:00",1,0.0000000000000000e+00,"اسم المدير",0.0000000000000000e+00,0.0000000000000000e+00,"12/30/99 20:49:49",,,0.0000000000000000e+00,,,1,0.0000000000000000e+00,"0","0","12/30/99 20:47:26",1.0000,"مورد","0"
-1217213699,"رئيسى","عام","لا","لا","قطعة",1.8000000000000000e+01,"12/10/21 00:00:00","الحداد","صنية استيل تركي",1.0000000000000000e+00,4.0500000000000000e+02,0.0000000000000000e+00,0.0000000000000000e+00,"17",0.0000000000000000e+00,0.0000000000000000e+00,0.0000000000000000e+00,,"01/01/00 00:00:00",1,0.0000000000000000e+00,"اسم المدير",0.0000000000000000e+00,0.0000000000000000e+00,"12/30/99 20:47:50",,,0.0000000000000000e+00,,,1,0.0000000000000000e+00,"0","0","12/30/99 20:47:50",1.0000,"مورد","0"
-704979144,"رئيسى","عام","لا","لا","قطعة",1.8000000000000000e+01,"12/10/21 00:00:00","الحداد","فيفالدى طقم استيل انكا 11 ق يد خشب",1.0000000000000000e+00,2.1650000000000000e+03,0.0000000000000000e+00,0.0000000000000000e+00,"17",0.0000000000000000e+00,0.0000000000000000e+00,0.0000000000000000e+00,,"01/01/00 00:00:00",1,0.0000000000000000e+00,"اسم المدير",0.0000000000000000e+00,0.0000000000000000e+00,"12/30/99 20:48:47",,,0.0000000000000000e+00,,,1,0.0000000000000000e+00,"0","0","12/30/99 20:48:47",1.0000,"مورد","0"
-1213887271,"رئيسى","عام","لا","لا","قطعة",1.8000000000000000e+01,"12/10/21 00:00:00","الحداد","فيفالدى طقم استيل انكا 11 ق اخضر",1.0000000000000000e+00,2.0500000000000000e+03,0.0000000000000000e+00,0.0000000000000000e+00,"17",0.0000000000000000e+00,0.0000000000000000e+00,0.0000000000000000e+00,,"01/01/00 00:00:00",1,0.0000000000000000e+00,"اسم المدير",0.0000000000000000e+00,0.0000000000000000e+00,"12/30/99 20:48:58",,,0.0000000000000000e+00,,,1,0.0000000000000000e+00,"0","0","12/30/99 20:48:58",1.0000,"مورد","0"
-1289066762,"رئيسى","عام","لا","لا","كرتونة",1.9000000000000000e+01,"12/11/21 00:00:00","احمد عبدالكريم","حافظ طعام خشبى",1.0000000000000000e+00,1.0200000000000000e+03,0.0000000000000000e+00,0.0000000000000000e+00,"18",0.0000000000000000e+00,0.0000000000000000e+00,0.0000000000000000e+00,,"01/01/00 00:00:00",1,0.0000000000000000e+00,"اسم المدير",0.0000000000000000e+00,0.0000000000000000e+00,"12/30/99 21:30:17",,,0.0000000000000000e+00,,,1,0.0000000000000000e+00,"0","0","12/30/99 21:30:17",1.0000,"مورد","0"
1639978914,"رئيسى","عام","لا","لا","علبه",2.0000000000000000e+01,"12/19/21 00:00:00","الاندلس ابو النمرس","سكينة فراولة ص",2.0000000000000000e+00,1.0000000000000000e+02,0.0000000000000000e+00,0.0000000000000000e+00,"19",0.0000000000000000e+00,0.0000000000000000e+00,0.0000000000000000e+00,,"01/01/00 00:00:00",1,0.0000000000000000e+00,"اسم المدير",0.0000000000000000e+00,0.0000000000000000e+00,"12/30/99 21:41:54",,,0.0000000000000000e+00,,,1,0.0000000000000000e+00,"0","0","12/30/99 21:41:54",1.0000,"مورد","0"
1165039054,"رئيسى","عام","لا","لا","قطعة",2.3000000000000000e+01,"12/19/21 00:00:00","العربي","سكينه صب",1.2000000000000000e+01,2.3000000000000000e+02,0.0000000000000000e+00,0.0000000000000000e+00,"20",0.0000000000000000e+00,0.0000000000000000e+00,0.0000000000000000e+00,,"01/01/00 00:00:00",1,0.0000000000000000e+00,"اسم المدير",0.0000000000000000e+00,0.0000000000000000e+00,"12/30/99 21:49:47",,,0.0000000000000000e+00,,,1,0.0000000000000000e+00,"0","0","12/30/99 21:49:47",1.0000,"مورد","0"
-1141380809,"رئيسى","عام","لا","لا","قطعة",2.3000000000000000e+01,"12/19/21 00:00:00","العربي","مبشره كف",6.0000000000000000e+01,5.6600000000000001e+00,0.0000000000000000e+00,0.0000000000000000e+00,"20",0.0000000000000000e+00,0.0000000000000000e+00,0.0000000000000000e+00,,"01/01/00 00:00:00",1,0.0000000000000000e+00,"اسم المدير",0.0000000000000000e+00,0.0000000000000000e+00,"12/30/99 21:53:01",,,0.0000000000000000e+00,,,1,0.0000000000000000e+00,"0","0","12/30/99 21:53:01",1.0000,"مورد","0"
1088121004,"رئيسى","عام","لا","لا","دستة",2.3000000000000000e+01,"12/19/21 00:00:00","العربي","مضرب نسكافية",3.0000000000000000e+00,1.6200000000000000e+02,0.0000000000000000e+00,0.0000000000000000e+00,"20",0.0000000000000000e+00,0.0000000000000000e+00,0.0000000000000000e+00,,"01/01/00 00:00:00",1,0.0000000000000000e+00,"اسم المدير",0.0000000000000000e+00,0.0000000000000000e+00,"12/30/99 21:53:47",,,0.0000000000000000e+00,,,1,0.0000000000000000e+00,"0","0","12/30/99 21:53:47",1.0000,"مورد","0"
1436282429,"رئيسى","عام","لا","لا","دستة",2.3000000000000000e+01,"12/19/21 00:00:00","العربي","مضرب بيض",9.0000000000000000e+00,7.8000000000000000e+01,0.0000000000000000e+00,0.0000000000000000e+00,"20",0.0000000000000000e+00,0.0000000000000000e+00,0.0000000000000000e+00,,"01/01/00 00:00:00",1,0.0000000000000000e+00,"اسم المدير",0.0000000000000000e+00,0.0000000000000000e+00,"12/30/99 21:54:18",,,0.0000000000000000e+00,,,1,0.0000000000000000e+00,"0","0","12/30/99 21:54:18",1.0000,"مورد","0"
1119071930,"رئيسى","عام","لا","لا","دستة",2.3000000000000000e+01,"12/19/21 00:00:00","العربي","عصارة لمون",1.0000000000000000e+00,1.0800000000000000e+02,0.0000000000000000e+00,0.0000000000000000e+00,"20",0.0000000000000000e+00,0.0000000000000000e+00,0.0000000000000000e+00,,"01/01/00 00:00:00",1,0.0000000000000000e+00,"اسم المدير",0.0000000000000000e+00,0.0000000000000000e+00,"12/30/99 21:54:46",,,0.0000000000000000e+00,,,1,0.0000000000000000e+00,"0","0","12/30/99 21:54:46",1.0000,"مورد","0"
-1257188685,"رئيسى","عام","لا","لا","قطعة",2.3000000000000000e+01,"12/19/21 00:00:00","العربي","ترمس شاى",1.2000000000000000e+01,1.1000000000000000e+02,0.0000000000000000e+00,0.0000000000000000e+00,"20",0.0000000000000000e+00,0.0000000000000000e+00,0.0000000000000000e+00,,"01/01/00 00:00:00",1,0.0000000000000000e+00,"اسم المدير",0.0000000000000000e+00,0.0000000000000000e+00,"12/30/99 21:56:37",,,0.0000000000000000e+00,,,1,0.0000000000000000e+00,"0","0","12/30/99 21:55:11",1.0000,"مورد","0"
-461282279,"رئيسى","عام","لا","لا","كرتونة",2.4000000000000000e+01,"12/19/21 00:00:00","النور","كرت سكينه 5*1",2.0000000000000000e+00,9.5000000000000000e+02,0.0000000000000000e+00,0.0000000000000000e+00,"21",0.0000000000000000e+00,0.0000000000000000e+00,0.0000000000000000e+00,,"01/01/00 00:00:00",1,0.0000000000000000e+00,"اسم المدير",0.0000000000000000e+00,0.0000000000000000e+00,"12/30/99 21:57:38",,,0.0000000000000000e+00,,,1,0.0000000000000000e+00,"0","0","12/30/99 21:57:38",1.0000,"مورد","0"
-1276309914,"رئيسى","عام","لا","لا","قطعة",2.4000000000000000e+01,"12/19/21 00:00:00","النور","عمود طعام",1.2000000000000000e+01,5.5000000000000000e+01,0.0000000000000000e+00,0.0000000000000000e+00,"21",0.0000000000000000e+00,0.0000000000000000e+00,0.0000000000000000e+00,,"01/01/00 00:00:00",1,0.0000000000000000e+00,"اسم المدير",0.0000000000000000e+00,0.0000000000000000e+00,"12/30/99 21:58:44",,,0.0000000000000000e+00,,,1,0.0000000000000000e+00,"0","0","12/30/99 21:58:44",1.0000,"مورد","0"
-1222956049,"رئيسى","عام","لا","لا","دستة",2.4000000000000000e+01,"12/19/21 00:00:00","النور","توزيع سيلكون فردى صب",1.5000000000000000e+01,1.9500000000000000e+02,0.0000000000000000e+00,0.0000000000000000e+00,"21",0.0000000000000000e+00,0.0000000000000000e+00,0.0000000000000000e+00,,"01/01/00 00:00:00",1,0.0000000000000000e+00,"اسم المدير",0.0000000000000000e+00,0.0000000000000000e+00,"12/30/99 21:59:25",,,0.0000000000000000e+00,,,1,0.0000000000000000e+00,"0","0","12/30/99 21:59:25",1.0000,"مورد","0"
704606980,"رئيسى","عام","لا","لا","قطعة",2.4000000000000000e+01,"12/19/21 00:00:00","النور","هراسه توم استنلس",2.0000000000000000e+01,2.0000000000000000e+01,0.0000000000000000e+00,0.0000000000000000e+00,"21",0.0000000000000000e+00,0.0000000000000000e+00,0.0000000000000000e+00,,"01/01/00 00:00:00",1,0.0000000000000000e+00,"اسم المدير",0.0000000000000000e+00,0.0000000000000000e+00,"12/30/99 21:59:55",,,0.0000000000000000e+00,,,1,0.0000000000000000e+00,"0","0","12/30/99 21:59:55",1.0000,"مورد","0"
-1875062859,"رئيسى","عام","لا","لا","قطعه",2.4000000000000000e+01,"12/19/21 00:00:00","النور","مج ديجتال ساده",5.0000000000000000e+01,4.5000000000000000e+01,0.0000000000000000e+00,0.0000000000000000e+00,"21",0.0000000000000000e+00,0.0000000000000000e+00,0.0000000000000000e+00,,"01/01/00 00:00:00",1,0.0000000000000000e+00,"اسم المدير",0.0000000000000000e+00,0.0000000000000000e+00,"12/30/99 22:01:06",,,0.0000000000000000e+00,,,1,0.0000000000000000e+00,"0","0","12/30/99 22:01:06",50.0000,"مورد","0"
562897106,"رئيسى","عام","لا","لا","قطعة",2.4000000000000000e+01,"12/19/21 00:00:00","النور","تلاجه بيد سيلكون",3.0000000000000000e+00,9.5000000000000000e+01,0.0000000000000000e+00,0.0000000000000000e+00,"21",0.0000000000000000e+00,0.0000000000000000e+00,0.0000000000000000e+00,,"01/01/00 00:00:00",1,0.0000000000000000e+00,"اسم المدير",0.0000000000000000e+00,0.0000000000000000e+00,"12/30/99 22:02:57",,,0.0000000000000000e+00,,,1,0.0000000000000000e+00,"0","0","12/30/99 22:02:57",1.0000,"مورد","0"
1271623915,"رئيسى","عام","لا","لا","قطعة",2.4000000000000000e+01,"12/19/21 00:00:00","النور","تلاجه بومبه",3.0000000000000000e+00,8.5000000000000000e+01,0.0000000000000000e+00,0.0000000000000000e+00,"21",0.0000000000000000e+00,0.0000000000000000e+00,0.0000000000000000e+00,,"01/01/00 00:00:00",1,0.0000000000000000e+00,"اسم المدير",0.0000000000000000e+00,0.0000000000000000e+00,"12/30/99 22:04:09",,,0.0000000000000000e+00,,,1,0.0000000000000000e+00,"0","0","12/30/99 22:04:09",1.0000,"مورد","0"
-835022338,"رئيسى","عام","لا","لا","قطعة",2.5000000000000000e+01,"12/19/21 00:00:00","العالميه استيل","سرفيس لوكس",2.0000000000000000e+00,2.1000000000000000e+02,0.0000000000000000e+00,0.0000000000000000e+00,"22",0.0000000000000000e+00,0.0000000000000000e+00,0.0000000000000000e+00,,"01/01/00 00:00:00",1,0.0000000000000000e+00,"اسم المدير",0.0000000000000000e+00,0.0000000000000000e+00,"12/30/99 22:07:30",,,0.0000000000000000e+00,,,1,0.0000000000000000e+00,"0","0","12/30/99 22:07:30",1.0000,"مورد","0"
-386540121,"رئيسى","عام","لا","لا","قطعة",2.5000000000000000e+01,"12/19/21 00:00:00","العالميه استيل","صوانى سماح",6.0000000000000000e+00,1.3500000000000000e+02,0.0000000000000000e+00,0.0000000000000000e+00,"22",0.0000000000000000e+00,0.0000000000000000e+00,0.0000000000000000e+00,,"01/01/00 00:00:00",1,0.0000000000000000e+00,"اسم المدير",0.0000000000000000e+00,0.0000000000000000e+00,"12/30/99 22:07:50",,,0.0000000000000000e+00,,,1,0.0000000000000000e+00,"0","0","12/30/99 22:07:50",1.0000,"مورد","0"
1058799708,"رئيسى","عام","لا","لا","قطعة",2.5000000000000000e+01,"12/19/21 00:00:00","العالميه استيل","صوانى موزه ص",3.0000000000000000e+00,2.0000000000000000e+02,0.0000000000000000e+00,0.0000000000000000e+00,"22",0.0000000000000000e+00,0.0000000000000000e+00,0.0000000000000000e+00,,"01/01/00 00:00:00",1,0.0000000000000000e+00,"اسم المدير",0.0000000000000000e+00,0.0000000000000000e+00,"12/30/99 22:08:19",,,0.0000000000000000e+00,,,1,0.0000000000000000e+00,"0","0","12/30/99 22:08:19",1.0000,"مورد","0"
-1958823891,"رئيسى","عام","لا","لا","قطعة",2.5000000000000000e+01,"12/19/21 00:00:00","العالميه استيل","صوانى موزه ك",3.0000000000000000e+00,2.2000000000000000e+02,0.0000000000000000e+00,0.0000000000000000e+00,"22",0.0000000000000000e+00,0.0000000000000000e+00,0.0000000000000000e+00,,"01/01/00 00:00:00",1,0.0000000000000000e+00,"اسم المدير",0.0000000000000000e+00,0.0000000000000000e+00,"12/30/99 22:09:00",,,0.0000000000000000e+00,,,1,0.0000000000000000e+00,"0","0","12/30/99 22:09:00",1.0000,"مورد","0"
-360133080,"رئيسى","عام","لا","لا","قطعة",2.6000000000000000e+01,"12/19/21 00:00:00","م الخولي","صنية نحاسي",1.0000000000000000e+00,1.9500000000000000e+02,0.0000000000000000e+00,0.0000000000000000e+00,"23",0.0000000000000000e+00,0.0000000000000000e+00,0.0000000000000000e+00,,"01/01/00 00:00:00",1,0.0000000000000000e+00,"اسم المدير",0.0000000000000000e+00,0.0000000000000000e+00,"12/30/99 22:13:41",,,0.0000000000000000e+00,,,1,0.0000000000000000e+00,"0","0","12/30/99 22:13:41",1.0000,"مورد","0"
1640914611,"رئيسى","عام","لا","لا","قطعة",2.7000000000000000e+01,"12/30/21 00:00:00","محمد مجدى","مج كافيه 6*1ع حامل 6ق",6.0000000000000000e+00,1.5000000000000000e+02,0.0000000000000000e+00,0.0000000000000000e+00,"24",0.0000000000000000e+00,0.0000000000000000e+00,0.0000000000000000e+00,,"01/01/00 00:00:00",1,0.0000000000000000e+00,"اسم المدير",0.0000000000000000e+00,0.0000000000000000e+00,"12/30/99 17:36:51",,,0.0000000000000000e+00,,,1,0.0000000000000000e+00,"0","0","12/30/99 17:36:51",1.0000,"مورد","0"
136017784,"رئيسى","عام","لا","لا","قطعة",2.7000000000000000e+01,"12/30/21 00:00:00","محمد مجدى","صنيه خشب الهنا",2.0000000000000000e+00,1.9000000000000000e+02,0.0000000000000000e+00,0.0000000000000000e+00,"24",0.0000000000000000e+00,0.0000000000000000e+00,0.0000000000000000e+00,,"01/01/00 00:00:00",1,0.0000000000000000e+00,"اسم المدير",0.0000000000000000e+00,0.0000000000000000e+00,"12/30/99 18:28:16",,,0.0000000000000000e+00,,,1,0.0000000000000000e+00,"0","0","12/30/99 17:38:12",1.0000,"مورد","0"
1641694826,"رئيسى","عام","لا","لا","قطعة",2.8000000000000000e+01,"01/08/22 00:00:00","محمد مجدى","صنيه خشب الهنا",5.0000000000000000e+00,1.8500000000000000e+02,0.0000000000000000e+00,0.0000000000000000e+00,"25",0.0000000000000000e+00,0.0000000000000000e+00,0.0000000000000000e+00,,"01/01/00 00:00:00",1,0.0000000000000000e+00,"اسم المدير",0.0000000000000000e+00,0.0000000000000000e+00,"12/30/99 18:29:45",,,0.0000000000000000e+00,,,1,0.0000000000000000e+00,"0","0","12/30/99 18:20:26",1.0000,"مورد","0"
1461820579,"رئيسى","عام","لا","لا","كرتونة",2.8000000000000000e+01,"01/08/22 00:00:00","محمد مجدى","ترمس شاى زجاج",1.0000000000000000e+00,1.2200000000000000e+03,0.0000000000000000e+00,0.0000000000000000e+00,"25",0.0000000000000000e+00,0.0000000000000000e+00,0.0000000000000000e+00,,"01/01/00 00:00:00",1,0.0000000000000000e+00,"اسم المدير",0.0000000000000000e+00,0.0000000000000000e+00,"12/30/99 18:30:03",,,0.0000000000000000e+00,,,1,0.0000000000000000e+00,"0","0","12/30/99 18:30:03",1.0000,"مورد","0"
-1117586776,"رئيسى","عام","لا","لا","كرتونة",2.8000000000000000e+01,"01/08/22 00:00:00","محمد مجدى","حافظ طعام خشبى",1.0000000000000000e+00,1.0200000000000000e+03,0.0000000000000000e+00,0.0000000000000000e+00,"25",0.0000000000000000e+00,0.0000000000000000e+00,0.0000000000000000e+00,,"01/01/00 00:00:00",1,0.0000000000000000e+00,"اسم المدير",0.0000000000000000e+00,0.0000000000000000e+00,"12/30/99 18:30:51",,,0.0000000000000000e+00,,,1,0.0000000000000000e+00,"0","0","12/30/99 18:30:51",1.0000,"مورد","0"
1299866932,"رئيسى","عام","لا","لا","كرتونة",2.9000000000000000e+01,"01/08/22 00:00:00","احمد عبدالكريم","حافظ طعام خشبى",1.0000000000000000e+00,1.0200000000000000e+03,0.0000000000000000e+00,0.0000000000000000e+00,"26",0.0000000000000000e+00,0.0000000000000000e+00,0.0000000000000000e+00,,"01/01/00 00:00:00",1,0.0000000000000000e+00,"اسم المدير",0.0000000000000000e+00,0.0000000000000000e+00,"12/30/99 18:32:37",,,0.0000000000000000e+00,,,1,0.0000000000000000e+00,"0","0","12/30/99 18:32:37",1.0000,"مورد","0"
1699367598,"رئيسى","عام","لا","لا","طقم",3.0000000000000000e+01,"01/08/22 00:00:00","محمد شومان","طقم صنيه استيل ارشا",2.0000000000000000e+00,5.4000000000000000e+02,0.0000000000000000e+00,0.0000000000000000e+00,"27",0.0000000000000000e+00,0.0000000000000000e+00,0.0000000000000000e+00,,"01/01/00 00:00:00",1,0.0000000000000000e+00,"اسم المدير",0.0000000000000000e+00,0.0000000000000000e+00,"12/30/99 18:35:46",,,0.0000000000000000e+00,,,1,0.0000000000000000e+00,"0","0","12/30/99 18:35:46",1.0000,"مورد","0"
461685881,"رئيسى","عام","لا","لا","قطعة",3.1000000000000000e+01,"12/13/21 00:00:00","احمد وحيد","صنيه استيل الباشا",2.0000000000000000e+00,2.1000000000000000e+02,0.0000000000000000e+00,0.0000000000000000e+00,"28",0.0000000000000000e+00,0.0000000000000000e+00,0.0000000000000000e+00,,"01/01/00 00:00:00",1,0.0000000000000000e+00,"اسم المدير",0.0000000000000000e+00,0.0000000000000000e+00,"12/30/99 18:44:36",,,0.0000000000000000e+00,,,1,0.0000000000000000e+00,"0","0","12/30/99 18:44:36",1.0000,"مورد","0"
1641768810,"رئيسى","عام","لا","لا","قطعة",3.2000000000000000e+01,"01/09/22 00:00:00","محمد شومان","صنيه ارشا ك",1.0000000000000000e+00,6.0000000000000000e+02,0.0000000000000000e+00,0.0000000000000000e+00,"29",0.0000000000000000e+00,0.0000000000000000e+00,0.0000000000000000e+00,,"01/01/00 00:00:00",1,0.0000000000000000e+00,"اسم المدير",0.0000000000000000e+00,0.0000000000000000e+00,"12/30/99 14:56:31",,,0.0000000000000000e+00,,,1,0.0000000000000000e+00,"0","0","12/30/99 14:53:30",1.0000,"مورد","0"
2075301001,"رئيسى","عام","لا","لا","طقم",3.2000000000000000e+01,"01/09/22 00:00:00","محمد شومان","طقم صنيه استيل ارشا",6.0000000000000000e+00,5.4000000000000000e+02,0.0000000000000000e+00,0.0000000000000000e+00,"29",0.0000000000000000e+00,0.0000000000000000e+00,0.0000000000000000e+00,,"01/01/00 00:00:00",1,0.0000000000000000e+00,"اسم المدير",0.0000000000000000e+00,0.0000000000000000e+00,"12/30/99 14:57:29",,,0.0000000000000000e+00,,,1,0.0000000000000000e+00,"0","0","12/30/99 14:57:29",1.0000,"مورد","0"
1644809286,"رئيسى","عام","لا","لا","قطعة",3.3000000000000000e+01,"02/13/22 00:00:00","محمد شومان","شاى فص شومان",1.0000000000000000e+00,1.0500000000000000e+03,0.0000000000000000e+00,0.0000000000000000e+00,"30",0.0000000000000000e+00,0.0000000000000000e+00,0.0000000000000000e+00,,"01/01/00 00:00:00",1,0.0000000000000000e+00,"اسم المدير",0.0000000000000000e+00,0.0000000000000000e+00,"12/30/99 19:28:06",,,0.0000000000000000e+00,,,1,0.0000000000000000e+00,"0","0","12/30/99 19:28:06",1.0000,"مورد","0"
1019202639,"رئيسى","عام","لا","لا","قطعة",3.3000000000000000e+01,"02/13/22 00:00:00","محمد شومان","شاى الوان شومان",2.0000000000000000e+00,1.2500000000000000e+03,0.0000000000000000e+00,0.0000000000000000e+00,"30",0.0000000000000000e+00,0.0000000000000000e+00,0.0000000000000000e+00,,"01/01/00 00:00:00",1,0.0000000000000000e+00,"اسم المدير",0.0000000000000000e+00,0.0000000000000000e+00,"12/30/99 19:28:38",,,0.0000000000000000e+00,,,1,0.0000000000000000e+00,"0","0","12/30/99 19:28:38",1.0000,"مورد","0"
-932252225,"رئيسى","عام","لا","لا","قطعة",3.4000000000000000e+01,"02/15/22 00:00:00","احمد عبدالكريم","جريل دبل",1.0000000000000000e+00,2.9500000000000000e+02,0.0000000000000000e+00,0.0000000000000000e+00,"31",0.0000000000000000e+00,0.0000000000000000e+00,0.0000000000000000e+00,,"01/01/00 00:00:00",1,0.0000000000000000e+00,"اسم المدير",0.0000000000000000e+00,0.0000000000000000e+00,"12/30/99 21:32:47",,,0.0000000000000000e+00,,,1,0.0000000000000000e+00,"0","0","12/30/99 21:32:47",1.0000,"مورد","0"
83684247,"رئيسى","عام","لا","لا","قطعه",3.5000000000000000e+01,"02/18/22 00:00:00","ماهر عرام","غلاية الاسباني الوان",5.0000000000000000e+00,1.6500000000000000e+02,0.0000000000000000e+00,0.0000000000000000e+00,"32",0.0000000000000000e+00,0.0000000000000000e+00,0.0000000000000000e+00,,"01/01/00 00:00:00",1,0.0000000000000000e+00,"اسم المدير",0.0000000000000000e+00,0.0000000000000000e+00,"12/30/99 20:44:36",,,0.0000000000000000e+00,,,1,0.0000000000000000e+00,"0","0","12/30/99 20:44:36",8.0000,"مورد","0"
893308782,"رئيسى","عام","لا","لا","قطعة",3.6000000000000000e+01,"02/20/22 00:00:00","محمد شومان","شاى الوان شومان",2.0000000000000000e+00,1.2500000000000000e+03,0.0000000000000000e+00,0.0000000000000000e+00,"33",0.0000000000000000e+00,0.0000000000000000e+00,0.0000000000000000e+00,,"01/01/00 00:00:00",1,0.0000000000000000e+00,"اسم المدير",0.0000000000000000e+00,0.0000000000000000e+00,"12/30/99 20:39:46",,,0.0000000000000000e+00,,,1,0.0000000000000000e+00,"0","0","12/30/99 20:39:46",1.0000,"مورد","0"
250628013,"رئيسى","عام","لا","لا","قطعة",3.7000000000000000e+01,"02/25/22 00:00:00","كرنفال","صوانى جرانيت 3ق",1.0000000000000000e+00,5.5000000000000000e+02,0.0000000000000000e+00,0.0000000000000000e+00,"34",0.0000000000000000e+00,0.0000000000000000e+00,0.0000000000000000e+00,,"01/01/00 00:00:00",1,0.0000000000000000e+00,"اسم المدير",0.0000000000000000e+00,0.0000000000000000e+00,"12/30/99 19:43:11",,,0.0000000000000000e+00,,,1,0.0000000000000000e+00,"0","0","12/30/99 19:43:11",1.0000,"مورد","0"
-1668464553,"رئيسى","عام","لا","لا","قطعة",3.8000000000000000e+01,"03/06/22 00:00:00","محمد مجدى","صوانى بيتزا الومنيوم",1.0000000000000000e+00,1.1500000000000000e+02,0.0000000000000000e+00,0.0000000000000000e+00,"35",0.0000000000000000e+00,0.0000000000000000e+00,0.0000000000000000e+00,,"01/01/00 00:00:00",1,0.0000000000000000e+00,"اسم المدير",0.0000000000000000e+00,0.0000000000000000e+00,"12/30/99 19:17:03",,,0.0000000000000000e+00,,,1,0.0000000000000000e+00,"0","0","12/30/99 19:17:03",1.0000,"مورد","0"
258111820,"رئيسى","عام","لا","لا","طقم",3.8000000000000000e+01,"03/06/22 00:00:00","محمد مجدى","اركوبال ابيض58ق",1.0000000000000000e+00,7.5000000000000000e+02,0.0000000000000000e+00,0.0000000000000000e+00,"35",0.0000000000000000e+00,0.0000000000000000e+00,0.0000000000000000e+00,,"01/01/00 00:00:00",1,0.0000000000000000e+00,"اسم المدير",0.0000000000000000e+00,0.0000000000000000e+00,"12/30/99 19:17:14",,,0.0000000000000000e+00,,,1,0.0000000000000000e+00,"0","0","12/30/99 19:17:14",1.0000,"مورد","0"
-557308558,"رئيسى","عام","لا","لا","طقم",3.9000000000000000e+01,"03/10/22 00:00:00","احمد عبدالكريم","عشا كوتهيا24ق",6.0000000000000000e+00,5.6000000000000000e+02,0.0000000000000000e+00,0.0000000000000000e+00,"36",0.0000000000000000e+00,0.0000000000000000e+00,0.0000000000000000e+00,,"01/01/00 00:00:00",1,0.0000000000000000e+00,"اسم المدير",0.0000000000000000e+00,0.0000000000000000e+00,"12/30/99 16:08:33",,,0.0000000000000000e+00,,,1,0.0000000000000000e+00,"0","0","12/30/99 15:54:18",1.0000,"مورد","0"
1647811749,"رئيسى","عام","لا","لا","قطعة",4.0000000000000000e+01,"03/20/22 00:00:00","محمد مجدى","جريل دبل",4.0000000000000000e+00,2.9500000000000000e+02,0.0000000000000000e+00,0.0000000000000000e+00,"37",0.0000000000000000e+00,0.0000000000000000e+00,0.0000000000000000e+00,,"01/01/00 00:00:00",1,0.0000000000000000e+00,"اسم المدير",0.0000000000000000e+00,0.0000000000000000e+00,"12/30/99 14:29:09",,,0.0000000000000000e+00,,,1,0.0000000000000000e+00,"0","0","12/30/99 14:29:09",1.0000,"مورد","0"
1075346222,"رئيسى","عام","لا","لا","طقم",4.1000000000000000e+01,"03/20/22 00:00:00","الحداد","بابيلا حله جرانيت 12 قطعة",7.0000000000000000e+00,1.5500000000000000e+03,0.0000000000000000e+00,0.0000000000000000e+00,"38",0.0000000000000000e+00,0.0000000000000000e+00,0.0000000000000000e+00,,"01/01/00 00:00:00",1,0.0000000000000000e+00,"اسم المدير",0.0000000000000000e+00,0.0000000000000000e+00,"12/30/99 14:37:48",,,0.0000000000000000e+00,,,1,0.0000000000000000e+00,"0","0","12/30/99 14:37:48",1.0000,"مورد","0"
-1468466409,"رئيسى","عام","لا","لا","طقم",4.1000000000000000e+01,"03/20/22 00:00:00","الحداد","فيفالدى طقم كنك استيل بيد خشب",4.0000000000000000e+00,1.7000000000000000e+02,0.0000000000000000e+00,0.0000000000000000e+00,"38",0.0000000000000000e+00,0.0000000000000000e+00,0.0000000000000000e+00,,"01/01/00 00:00:00",1,0.0000000000000000e+00,"اسم المدير",0.0000000000000000e+00,0.0000000000000000e+00,"12/30/99 14:39:00",,,0.0000000000000000e+00,,,1,0.0000000000000000e+00,"0","0","12/30/99 14:39:00",1.0000,"مورد","0"
-509948660,"رئيسى","عام","لا","لا","طقم",4.1000000000000000e+01,"03/20/22 00:00:00","الحداد","بابيلا طقم كنك جرانيت الحداد",4.0000000000000000e+00,2.0000000000000000e+02,0.0000000000000000e+00,0.0000000000000000e+00,"38",0.0000000000000000e+00,0.0000000000000000e+00,0.0000000000000000e+00,,"01/01/00 00:00:00",1,0.0000000000000000e+00,"اسم المدير",0.0000000000000000e+00,0.0000000000000000e+00,"12/30/99 14:39:52",,,0.0000000000000000e+00,,,1,0.0000000000000000e+00,"0","0","12/30/99 14:39:40",1.0000,"مورد","0"
-1016147171,"رئيسى","عام","لا","لا","قطعة",4.1000000000000000e+01,"03/20/22 00:00:00","الحداد","براد استيل فيفالدى 1 لتر",4.0000000000000000e+00,1.3500000000000000e+02,0.0000000000000000e+00,0.0000000000000000e+00,"38",0.0000000000000000e+00,0.0000000000000000e+00,0.0000000000000000e+00,,"01/01/00 00:00:00",1,0.0000000000000000e+00,"اسم المدير",0.0000000000000000e+00,0.0000000000000000e+00,"12/30/99 14:40:17",,,0.0000000000000000e+00,,,1,0.0000000000000000e+00,"0","0","12/30/99 14:40:17",1.0000,"مورد","0"
-496555494,"رئيسى","عام","لا","لا","قطعة",4.1000000000000000e+01,"03/20/22 00:00:00","الحداد","صنيه فرن جرانيت 26",3.0000000000000000e+00,1.8000000000000000e+02,0.0000000000000000e+00,0.0000000000000000e+00,"38",0.0000000000000000e+00,0.0000000000000000e+00,0.0000000000000000e+00,,"01/01/00 00:00:00",1,0.0000000000000000e+00,"اسم المدير",0.0000000000000000e+00,0.0000000000000000e+00,"12/30/99 14:40:38",,,0.0000000000000000e+00,,,1,0.0000000000000000e+00,"0","0","12/30/99 14:40:38",1.0000,"مورد","0"
7717523,"رئيسى","عام","لا","لا","قطعة",4.1000000000000000e+01,"03/20/22 00:00:00","الحداد","صنيه فرن جرانيت 28",3.0000000000000000e+00,2.0500000000000000e+02,0.0000000000000000e+00,0.0000000000000000e+00,"38",0.0000000000000000e+00,0.0000000000000000e+00,0.0000000000000000e+00,,"01/01/00 00:00:00",1,0.0000000000000000e+00,"اسم المدير",0.0000000000000000e+00,0.0000000000000000e+00,"12/30/99 14:40:50",,,0.0000000000000000e+00,,,1,0.0000000000000000e+00,"0","0","12/30/99 14:40:50",1.0000,"مورد","0"
-415021608,"رئيسى","عام","لا","لا","قطعة",4.1000000000000000e+01,"03/20/22 00:00:00","الحداد","بابيلا طاجن جرانيت 2 ق",2.0000000000000000e+00,4.0500000000000000e+02,0.0000000000000000e+00,0.0000000000000000e+00,"38",0.0000000000000000e+00,0.0000000000000000e+00,0.0000000000000000e+00,,"01/01/00 00:00:00",1,0.0000000000000000e+00,"اسم المدير",0.0000000000000000e+00,0.0000000000000000e+00,"12/30/99 14:41:16",,,0.0000000000000000e+00,,,1,0.0000000000000000e+00,"0","0","12/30/99 14:41:16",1.0000,"مورد","0"
1435719417,"رئيسى","عام","لا","لا","طقم",4.1000000000000000e+01,"03/20/22 00:00:00","الحداد","جرانيت سولتير11ق",3.0000000000000000e+00,1.3550000000000000e+03,0.0000000000000000e+00,0.0000000000000000e+00,"38",0.0000000000000000e+00,0.0000000000000000e+00,0.0000000000000000e+00,,"01/01/00 00:00:00",1,0.0000000000000000e+00,"اسم المدير",0.0000000000000000e+00,0.0000000000000000e+00,"12/30/99 14:44:00",,,0.0000000000000000e+00,,,1,0.0000000000000000e+00,"0","0","12/30/99 14:44:00",1.0000,"مورد","0"
206176198,"رئيسى","عام","لا","لا","قطعة",4.1000000000000000e+01,"03/20/22 00:00:00","الحداد","جريل دبل سولتير الحدلد",6.0000000000000000e+00,3.6000000000000000e+02,0.0000000000000000e+00,0.0000000000000000e+00,"38",0.0000000000000000e+00,0.0000000000000000e+00,0.0000000000000000e+00,,"01/01/00 00:00:00",1,0.0000000000000000e+00,"اسم المدير",0.0000000000000000e+00,0.0000000000000000e+00,"12/30/99 14:44:30",,,0.0000000000000000e+00,,,1,0.0000000000000000e+00,"0","0","12/30/99 14:44:30",1.0000,"مورد","0"
1656545773,"رئيسى","عام","لا","لا","قطعة",4.3000000000000000e+01,"06/29/22 00:00:00","السقا","لبانه جرانيت بابيلا",3.0000000000000000e+00,3.0000000000000000e+02,0.0000000000000000e+00,0.0000000000000000e+00,"39",0.0000000000000000e+00,0.0000000000000000e+00,0.0000000000000000e+00,,"01/01/00 00:00:00",1,0.0000000000000000e+00,"اسم المدير",0.0000000000000000e+00,0.0000000000000000e+00,"12/30/99 16:36:13",,,0.0000000000000000e+00,,,1,0.0000000000000000e+00,"0","0","12/30/99 16:36:13",1.0000,"مورد","0"
1669381815,"رئيسى","عام","لا","لا","طقم",4.4000000000000000e+01,"04/25/22 00:00:00","محمد شومان","طقم صنيه استيل ارشا",1.0000000000000000e+00,5.4000000000000000e+02,0.0000000000000000e+00,0.0000000000000000e+00,"40",0.0000000000000000e+00,0.0000000000000000e+00,0.0000000000000000e+00,,"01/01/00 00:00:00",1,0.0000000000000000e+00,"اسم المدير",0.0000000000000000e+00,0.0000000000000000e+00,"12/30/99 15:10:15",,,0.0000000000000000e+00,,,1,0.0000000000000000e+00,"0","0","12/30/99 15:10:15",1.0000,"مورد","0"
-2084966356,"رئيسى","عام","لا","لا","قطعة",4.4000000000000000e+01,"04/25/22 00:00:00","محمد شومان","شاى فص شومان",2.0000000000000000e+00,1.1000000000000000e+03,0.0000000000000000e+00,0.0000000000000000e+00,"40",0.0000000000000000e+00,0.0000000000000000e+00,0.0000000000000000e+00,,"01/01/00 00:00:00",1,0.0000000000000000e+00,"اسم المدير",0.0000000000000000e+00,0.0000000000000000e+00,"12/30/99 15:10:45",,,0.0000000000000000e+00,,,1,0.0000000000000000e+00,"0","0","12/30/99 15:10:45",1.0000,"مورد","0"
